market,lat,lon
Bangalore,12.9716,77.5946
Bengaluru,12.9716,77.5946
Kolar,13.1366,78.1299
Tumkur,13.3409,77.101
Mysore (Bandipalya),12.2958,76.6394
Mandya,12.5218,76.8951
Davangere,14.4644,75.9218
Hubli,15.3647,75.124
Dharwad,15.4589,75.0078
Belgaum,15.8497,74.4977
Shimoga,13.9299,75.5681
Ramanagara,12.716,77.2817
Nanjangud,12.1168,76.6824
Nagamangala,12.8188,76.7555
Srinivasapur,13.3334,78.214
Malur,13.0038,77.9355
Mulabagilu,13.1655,78.3896
Tarikere,13.7165,75.8172
Ranebennur,14.6384,75.638
Raichur,16.212,77.3439
Nargunda,15.7228,75.3861
Ramdurga,15.9617,75.2973
Sankeshwar,16.2417,74.6631
T. Narasipura,12.2148,76.9028
Pune,18.5204,73.8567
Pune(Khadiki),18.5678,73.8627
Pune(Manjri),18.4896,73.9427
Pune(Moshi),18.6789,73.8532
Pune(Pimpri),18.6298,73.7997
Mumbai,19.076,72.8777
Nasik,19.9975,73.7898
Nashik,19.9975,73.7898
Nagpur,21.1458,79.0882
Solapur,17.6599,75.9064
Aurangabad,19.8762,75.3433
Kolhapur,16.705,74.2433
Sangli,16.8524,74.5815
"Sangli(Phale, Bhajipura Market)",16.8524,74.5815
Palghar,19.6967,72.7656
Panvel,18.9894,73.1175
Ulhasnagar,19.2183,73.1627
Vasai,19.4924,72.8134
Ahmednagar,19.0952,74.748
Latur,18.3956,76.5608
Malegaon,20.5579,74.5089
Nanded,19.1383,77.321
Satara,17.6805,74.0183
Amravati,20.932,77.7523
Parbhani,19.2709,76.7816
Ratnagiri (Nachane),17.0027,73.326
Newasa,19.5428,74.9239
Sangamner,19.5775,74.2105
Manmad,20.2595,74.4336
Warrangal,17.9784,79.5944
Hyderabad,17.385,78.4867
Warangal,17.9784,79.5941
Vijayawada,16.5062,80.648
Visakhapatnam,17.6868,83.2185
Tirupati,13.6288,79.4192
Nellore,14.4426,79.9865
Kurnool,15.8281,78.0373
Rajahmundry,17.0005,81.804
Guntur,16.3067,80.4365
Karimnagar,18.4386,79.1288
Nizamabad,18.6725,78.094
Mahbubnagar,16.7379,78.0065
Mahabubnagar(Rythu Bazar),16.7379,78.0065
Miryalguda(Rythu Bazar),16.8729,79.5589
Siddipet(Rythu Bazar),18.1018,78.8522
Zaheerabad,17.6793,77.6116
Shamshabad,17.2403,78.4044
Sadasivpet,18.0237,77.9557
Sangareddy,17.6241,78.0867
Shadnagar,17.0665,78.2085
Vantamamidi,17.07,79.83
Chennai,13.0827,80.2707
Coimbatore,11.0168,76.9558
Madurai,9.9252,78.1198
Tiruchirappalli,10.7905,78.7047
Salem,11.6643,78.146
Tirunelveli,8.7139,77.7567
Vellore,12.9165,79.1325
Erode,11.341,77.7172
Thanjavur,10.787,79.1378
Thanjavur(Uzhavar Sandhai ),10.787,79.1378
Dindigul,10.3624,77.9695
Namakkal,11.2195,78.1675
Namakkal(Uzhavar Sandhai ),11.2195,78.1675
Nagercoil,8.1833,77.4119
Pollachi,10.6579,76.9993
Pollachi(Uzhavar Sandhai ),10.6579,76.9993
Tiruppur,11.1085,77.3411
Theni,10.0066,77.4773
Theni(Uzhavar Sandhai ),10.0066,77.4773
Sivakasi(Uzhavar Sandhai ),9.4531,77.7983
Kumbakonam,10.9602,79.3845
Villupuram,11.9399,79.4927
Cuddalore,11.748,79.7714
Palani,10.4488,77.526
Palani(Uzhavar Sandhai ),10.4488,77.526
Udumalpet,10.5838,77.2475
Karur,10.9601,78.0766
Perambalur(Uzhavar Sandhai ),11.2348,78.88
Ramanathapuram(Uzhavar Sandhai ),9.3762,78.8302
Virudhunagar,9.581,77.9624
Virudhunagar(Uzhavar Sandhai ),9.581,77.9624
Sivagangai,9.8442,78.481
Tenkasi,8.9596,77.3152
Thenkasi,8.9596,77.3152
Melur,9.9662,78.3344
Melur(Uzhavar Sandhai ),9.9662,78.3344
Paramakudi,9.5173,78.5908
Paramakudi(Uzhavar Sandhai ),9.5173,78.5908
Usilampatti,9.9793,77.7956
Tindivanam,12.2426,79.6551
Thiruvananthapuram,8.5241,76.9366
Kochi,9.9312,76.2673
Kozhikode,11.2588,75.7804
Thrissur,10.5276,76.2144
Kollam,8.8932,76.6141
Palakkad,10.7867,76.6548
Alappuzha,9.4981,76.3388
Kannur,11.8745,75.3704
Kottayam,9.5916,76.5222
Irinjalakuda,10.3396,76.2099
Manjeri,11.1183,76.1211
Moovattupuzha,9.8324,76.5968
Perinthalmanna,10.9779,76.2269
Thodupuzha,9.899,76.717
Munnar,10.0889,77.0595
Nedumkandam,9.9854,77.1691
Vandiperiyar,9.8373,77.0562
Pala,9.7017,76.6868
Pampady,9.6526,76.634
Thalasserry,11.7557,75.4922
Parappanangadi,11.0547,75.8544
Parassala,8.378,77.1384
Pathanamthitta,9.2648,76.787
Ahmedabad,23.0225,72.5714
Surat,21.1702,72.8311
Vadodara,22.3072,73.1812
Rajkot,22.3039,70.8022
Rajkot(Veg.Sub Yard),22.3039,70.8022
Bhavnagar,21.7645,72.1519
Jamnagar,22.4707,70.0577
Junagadh,21.5222,70.4579
Navsari,20.9467,72.952
Anand,22.5645,72.9289
Nadiad,22.6924,72.862
Mehsana,23.5881,72.3693
Patan,23.8493,72.1266
Siddhpur,23.9149,72.382
Radhanpur,23.8313,71.9996
Porbandar,21.6427,69.6293
Gondal,21.9604,70.7944
Amreli,21.6012,71.2178
Rajula,21.0404,71.4421
Palitana,21.5236,71.8227
Savarkundla,21.3398,71.3025
Mahuva(Station Road),21.0953,71.748
Valsad,20.5992,72.9342
Jaipur,26.9124,75.7873
Jodhpur,26.2389,73.0243
Udaipur (F&V),24.5854,73.7125
Udaipur (Grain),24.5854,73.7125
Kota,25.2138,75.8648
Bikaner,28.0229,73.3119
Ajmer,26.4499,74.6399
Sikar,27.6094,75.1399
Tonk,26.168,75.787
Alwar,27.553,76.6346
Pali,25.7711,73.3234
Sriganganagar (F&V),29.9038,73.8772
Sriganganagar (Grain),29.9038,73.8772
Bhilwara,25.3482,74.6313
Churu,28.2956,74.9686
Nagaur,27.2,73.7333
Pratapgarh,24.0369,74.7793
Dungarpur,23.8431,73.7136
Barmer,25.7463,71.3922
Lucknow,26.8467,80.9462
Kanpur,26.4499,80.3319
Agra,27.1767,78.0081
Varanasi,25.3176,82.9739
Varanasi(F&V),25.3176,82.9739
Allahabad,25.4358,81.8463
Meerut,28.9845,77.7064
Bareilly,28.367,79.4304
Aligarh,27.8974,78.088
Moradabad,28.8389,78.7769
Mathura,27.4924,77.6737
Ghaziabad,28.6692,77.4538
Muzaffarnagar,29.4727,77.7085
Muzzafarnagar,29.4727,77.7085
Saharanpur,29.968,77.5552
Rampur,28.7948,79.0092
Shahjahanpur,27.8834,79.906
Sitapur,27.5631,80.6833
Lakhimpur,27.9486,80.7815
Sultanpur,26.2648,82.0714
Jhansi,25.4484,78.5685
Gorakhpur,26.7606,83.3732
Mirzapur,25.1459,82.5888
Robertsganj,24.69,83.0677
Mainpuri,27.2301,79.023
Amritsar,31.634,74.8723
Ludhiana,30.901,75.8573
Jalandhar,31.326,75.5762
Patiala,30.3398,76.3869
Bathinda,30.211,74.9455
Faridkot,30.6739,74.7558
Moga,30.8161,75.1714
Gurdaspur,32.0396,75.4064
Hoshiarpur,31.5143,75.9114
Sangrur,30.2454,75.844
Ferozepur,30.9236,74.6135
SAS Nagar,30.7046,76.7179
Muktsar,30.4744,74.5165
Mansa,29.9981,75.3987
Faridabad,28.4089,77.3178
Gurugram,28.4595,77.0266
Hisar,29.1492,75.7217
Rohtak,28.8955,76.6066
Panipat,29.3909,76.9635
Sonepat,28.9947,77.0151
Karnal,29.6857,76.9905
Ambala,30.3782,76.7767
Sirsa,29.534,75.0149
Rewari,28.198,76.618
Nuh,28.105,77.0014
Pehowa,29.9826,76.5779
Narwana,29.6046,76.119
Tohana,29.705,75.9024
Tohana(New Veg Market),29.705,75.9024
Meham,29.0001,76.2342
Narnaul,28.0484,76.107
Palwal,28.1488,77.3289
Delhi,28.6139,77.209
Narela,28.8536,77.0921
Najafgarh,28.6096,76.9806
Shahdara,28.6761,77.2902
Noida,28.5355,77.391
"New Grain Market , Faridabad",28.4089,77.3178
Bhopal,23.2599,77.4126
Indore,22.7196,75.8577
Jabalpur,23.1815,79.9864
Gwalior,26.2183,78.1828
Ujjain,23.1765,75.7885
Ujjain(F&V),23.1765,75.7885
Rewa,24.5362,81.2961
Rewa(F&V),24.5362,81.2961
Sagar,23.8388,78.7378
Sagar(F&V),23.8388,78.7378
Satna,24.5753,80.8322
Satna(F&V),24.5753,80.8322
Mandsaur,24.073,75.0702
Mandsaur(F&V),24.073,75.0702
Ratlam,23.3315,75.0367
Ratlam(F&V),23.3315,75.0367
Neemuch,24.478,74.868
Nimbahera,24.6234,74.6853
Shujalpur,23.4057,76.7162
Shujalpur(F&V),23.4057,76.7162
Vidisha,23.5253,77.815
Raisen,23.3305,77.79
Narsinghpur,22.9461,79.1952
Hoshangabad,22.7551,77.7269
Dewas,22.9676,76.0534
Shajapur,23.4264,76.2779
Shajapur(F&V),23.4264,76.2779
Shivpuri,25.4238,77.6524
Shivpuri(F&V),25.4238,77.6524
Tikamgarh,24.7438,78.8307
Morena,26.4947,77.9965
Morena(F&V),26.4947,77.9965
Chhindwara,22.0574,78.9382
Kolkata,22.5726,88.3639
Nadia,23.4728,88.5562
Murshidabad,24.1835,88.2722
Purulia,23.3325,86.365
Bankura,23.2387,86.9739
Darjeeling,27.041,88.2663
Siliguri,26.7271,88.3953
Sealdah Koley Market,22.5726,88.3639
Ramkrishanpur(Howrah),22.5958,88.2636
Ranaghat,23.1774,88.5658
Uluberia,22.467,88.1073
Sheoraphuly,22.7607,88.3399
Pandua,23.1247,88.31
Rampurhat,24.1741,87.7759
Sainthia,23.9483,87.674
Patna (Musallahpur),25.5941,85.1376
Muzaffarpur,26.1197,85.391
Gaya,24.7955,85.0002
Bhagalpur,25.2425,87.0109
Bhubaneswar,20.2961,85.8245
Cuttack,20.4625,85.883
Puri,19.8135,85.8312
Rourkela,22.2604,84.8536
Nimapara,20.0665,85.9773
Pattamundai,20.5763,86.5659
Rayagada,19.171,83.4148
Talcher,20.9513,85.2261
Ranchi,23.3441,85.3096
Jamshedpur,22.8046,86.2029
Raipur,21.2514,81.6296
Bilaspur,22.0796,82.1391
Rajnandgaon,21.0972,81.0354
Raipur Rai,21.2514,81.6296
Guwahati,26.1445,91.7362
Pamohi(Garchuk),26.0879,91.6505
Nalbari,26.4469,91.4389
Nagaon,26.35,92.6833
Jorhat,26.7509,94.2037
Dibrugarh,27.4728,94.912
Mariani,26.6574,94.3184
Tezpur,26.6338,92.8
Imphal,24.817,93.9368
Thoubal,24.6364,94.0167
Shillong,25.5788,91.8933
Aizawl,23.7307,92.7173
Kohima,25.6751,94.1086
Wokha Town,26.15,94.2667
Dimapur,25.9012,93.7264
Agartala,23.8315,91.2868
Itanagar,27.0844,93.6053
Gangtok,27.3314,88.6138
Shimla,31.1048,77.1734
Dharamshala,32.219,76.3234
Solan,30.9045,77.0967
Solan(Nalagarh),31.0395,76.7213
Mandi(Mandi),31.7085,76.9318
Mandi(Takoli),31.7085,76.9318
Srinagar,34.0837,74.7973
Narwal Jammu (F&V),32.7266,74.857
Rajouri (F&V),33.3773,74.3182
Udhampur,32.916,75.141
Reasi,33.079,74.8308
Panaji,15.4909,73.8278
Margao,15.2993,73.9862
