market,date,temperature,rainfall
Bangalore,2023-01-01,18.53,0.0
Bangalore,2023-01-02,18.57,0.0
Bangalore,2023-01-03,18.94,0.0
Bangalore,2023-01-04,19.22,0.0
Bangalore,2023-01-05,18.78,0.0
Bangalore,2023-01-06,18.89,0.0
Bangalore,2023-01-07,19.36,0.0
Bangalore,2023-01-08,19.3,0.0
Bangalore,2023-01-09,18.05,0.0
Bangalore,2023-01-10,16.62,0.0
Bangalore,2023-01-11,17.17,0.0
Bangalore,2023-01-12,17.92,0.0
Bangalore,2023-01-13,18.12,0.0
Bangalore,2023-01-14,17.89,0.0
Bangalore,2023-01-15,17.84,0.0
Bangalore,2023-01-16,18.39,0.0
Bangalore,2023-01-17,18.05,0.0
Bangalore,2023-01-18,18.29,0.0
Bangalore,2023-01-19,18.23,0.0
Bangalore,2023-01-20,18.16,0.0
Bangalore,2023-01-21,19.34,0.0
Bangalore,2023-01-22,18.87,0.0
Bangalore,2023-01-23,20.13,0.01
Bangalore,2023-01-24,20.98,0.18
Bangalore,2023-01-25,19.7,0.04
Bangalore,2023-01-26,19.3,0.0
Bangalore,2023-01-27,18.98,0.0
Bangalore,2023-01-28,18.54,0.0
Bangalore,2023-01-29,19.14,0.0
Bangalore,2023-01-30,20.89,0.0
Bangalore,2023-01-31,21.23,0.0
Bangalore,2023-02-01,21.21,0.0
Bangalore,2023-02-02,20.91,0.0
Bangalore,2023-02-03,21.8,0.02
Bangalore,2023-02-04,22.43,0.25
Bangalore,2023-02-05,22.26,0.0
Bangalore,2023-02-06,21.4,0.0
Bangalore,2023-02-07,21.2,0.0
Bangalore,2023-02-08,22.06,0.0
Bangalore,2023-02-09,21.74,0.0
Bangalore,2023-02-10,21.82,0.0
Bangalore,2023-02-11,21.94,0.0
Bangalore,2023-02-12,22.52,0.0
Bangalore,2023-02-13,21.99,0.0
Bangalore,2023-02-14,21.57,0.0
Bangalore,2023-02-15,21.49,0.0
Bangalore,2023-02-16,21.76,0.0
Bangalore,2023-02-17,21.42,0.0
Bangalore,2023-02-18,21.63,0.0
Bangalore,2023-02-19,22.06,0.0
Bangalore,2023-02-20,22.33,0.0
Bangalore,2023-02-21,22.52,0.0
Bangalore,2023-02-22,22.47,0.0
Bangalore,2023-02-23,21.61,0.0
Bangalore,2023-02-24,21.69,0.0
Bangalore,2023-02-25,22.58,0.0
Bangalore,2023-02-26,22.51,0.0
Bangalore,2023-02-27,21.53,0.0
Bangalore,2023-02-28,22.07,0.0
Bangalore,2023-03-01,23.85,0.0
Bangalore,2023-03-02,22.13,0.0
Bangalore,2023-03-03,22.1,0.0
Bangalore,2023-03-04,22.63,0.0
Bangalore,2023-03-05,22.93,0.0
Bangalore,2023-03-06,23.01,0.0
Bangalore,2023-03-07,23.21,0.0
Bangalore,2023-03-08,23.36,0.0
Bangalore,2023-03-09,22.66,0.0
Bangalore,2023-03-10,23.39,0.0
Bangalore,2023-03-11,24.05,0.0
Bangalore,2023-03-12,24.13,0.0
Bangalore,2023-03-13,25.23,0.0
Bangalore,2023-03-14,25.92,0.0
Bangalore,2023-03-15,26.64,0.0
Bangalore,2023-03-16,26.32,0.43
Bangalore,2023-03-17,24.0,17.9
Bangalore,2023-03-18,24.65,6.89
Bangalore,2023-03-19,24.85,7.89
Bangalore,2023-03-20,24.89,1.48
Bangalore,2023-03-21,24.04,0.02
Bangalore,2023-03-22,24.77,0.0
Bangalore,2023-03-23,26.83,0.2
Bangalore,2023-03-24,26.81,0.93
Bangalore,2023-03-25,25.7,1.49
Bangalore,2023-03-26,25.73,0.89
Bangalore,2023-03-27,26.6,0.43
Bangalore,2023-03-28,27.5,0.05
Bangalore,2023-03-29,27.77,0.55
Bangalore,2023-03-30,27.29,0.76
Bangalore,2023-03-31,27.59,0.0
Bangalore,2023-04-01,27.12,0.21
Bangalore,2023-04-02,27.67,0.53
Bangalore,2023-04-03,28.34,0.2
Bangalore,2023-04-04,26.26,7.53
Bangalore,2023-04-05,27.05,0.68
Bangalore,2023-04-06,27.19,0.08
Bangalore,2023-04-07,26.87,0.0
Bangalore,2023-04-08,26.54,0.0
Bangalore,2023-04-09,26.71,0.0
Bangalore,2023-04-10,27.36,0.0
Bangalore,2023-04-11,27.58,0.0
Bangalore,2023-04-12,27.02,0.0
Bangalore,2023-04-13,28.88,0.0
Bangalore,2023-04-14,28.34,0.0
Bangalore,2023-04-15,28.42,0.0
Bangalore,2023-04-16,27.88,0.0
Bangalore,2023-04-17,28.3,0.0
Bangalore,2023-04-18,28.72,0.0
Bangalore,2023-04-19,29.02,0.0
Bangalore,2023-04-20,30.24,0.0
Bangalore,2023-04-21,30.16,0.36
Bangalore,2023-04-22,29.62,2.74
Bangalore,2023-04-23,28.42,2.06
Bangalore,2023-04-24,28.21,0.35
Bangalore,2023-04-25,27.88,0.43
Bangalore,2023-04-26,28.07,0.01
Bangalore,2023-04-27,28.51,0.0
Bangalore,2023-04-28,29.09,0.01
Bangalore,2023-04-29,27.96,12.69
Bangalore,2023-04-30,26.51,1.95
Bangalore,2023-05-01,24.41,17.21
Bangalore,2023-05-02,25.42,2.14
Bangalore,2023-05-03,25.56,1.87
Bangalore,2023-05-04,24.75,8.44
Bangalore,2023-05-05,23.04,22.85
Bangalore,2023-05-06,23.83,3.83
Bangalore,2023-05-07,24.48,15.73
Bangalore,2023-05-08,24.6,5.71
Bangalore,2023-05-09,26.62,0.48
Bangalore,2023-05-10,27.29,0.04
Bangalore,2023-05-11,27.79,0.01
Bangalore,2023-05-12,28.05,5.17
Bangalore,2023-05-13,27.4,0.0
Bangalore,2023-05-14,28.21,0.0
Bangalore,2023-05-15,28.35,0.3
Bangalore,2023-05-16,28.66,0.26
Bangalore,2023-05-17,29.4,0.83
Bangalore,2023-05-18,29.29,0.06
Bangalore,2023-05-19,27.4,0.01
Bangalore,2023-05-20,27.63,1.85
Bangalore,2023-05-21,27.7,10.02
Bangalore,2023-05-22,28.0,2.9
Bangalore,2023-05-23,27.18,4.04
Bangalore,2023-05-24,26.34,0.78
Bangalore,2023-05-25,26.66,2.64
Bangalore,2023-05-26,27.38,1.23
Bangalore,2023-05-27,27.63,0.43
Bangalore,2023-05-28,27.92,0.1
Bangalore,2023-05-29,28.34,0.01
Bangalore,2023-05-30,26.22,11.13
Bangalore,2023-05-31,26.78,15.29
Bangalore,2023-06-01,26.1,8.32
Bangalore,2023-06-02,25.76,1.39
Bangalore,2023-06-03,28.04,0.0
Bangalore,2023-06-04,27.85,0.01
Bangalore,2023-06-05,26.24,0.01
Bangalore,2023-06-06,27.02,0.77
Bangalore,2023-06-07,26.66,1.66
Bangalore,2023-06-08,25.07,0.48
Bangalore,2023-06-09,26.07,5.86
Bangalore,2023-06-10,25.97,0.16
Bangalore,2023-06-11,26.26,0.01
Bangalore,2023-06-12,25.89,17.72
Bangalore,2023-06-13,26.43,0.06
Bangalore,2023-06-14,26.15,0.36
Bangalore,2023-06-15,27.04,0.03
Bangalore,2023-06-16,27.25,0.03
Bangalore,2023-06-17,26.7,0.04
Bangalore,2023-06-18,25.18,0.09
Bangalore,2023-06-19,24.95,3.0
Bangalore,2023-06-20,24.58,11.28
Bangalore,2023-06-21,23.83,17.12
Bangalore,2023-06-22,25.19,10.89
Bangalore,2023-06-23,24.35,2.47
Bangalore,2023-06-24,23.46,0.1
Bangalore,2023-06-25,23.97,1.31
Bangalore,2023-06-26,24.06,0.41
Bangalore,2023-06-27,24.13,1.07
Bangalore,2023-06-28,24.59,0.04
Bangalore,2023-06-29,24.14,15.3
Bangalore,2023-06-30,24.74,0.21
Bangalore,2023-07-01,24.36,1.11
Bangalore,2023-07-02,23.45,2.35
Bangalore,2023-07-03,23.74,2.0
Bangalore,2023-07-04,23.55,4.77
Bangalore,2023-07-05,22.76,0.82
Bangalore,2023-07-06,23.17,0.11
Bangalore,2023-07-07,24.12,2.34
Bangalore,2023-07-08,23.91,1.67
Bangalore,2023-07-09,24.37,1.12
Bangalore,2023-07-10,23.88,4.22
Bangalore,2023-07-11,24.05,8.85
Bangalore,2023-07-12,23.94,6.89
Bangalore,2023-07-13,23.93,7.74
Bangalore,2023-07-14,23.93,0.45
Bangalore,2023-07-15,24.2,0.88
Bangalore,2023-07-16,24.78,0.04
Bangalore,2023-07-17,24.72,0.08
Bangalore,2023-07-18,25.01,0.01
Bangalore,2023-07-19,24.22,0.1
Bangalore,2023-07-20,24.37,0.1
Bangalore,2023-07-21,23.92,0.07
Bangalore,2023-07-22,24.12,2.62
Bangalore,2023-07-23,24.13,1.33
Bangalore,2023-07-24,23.11,6.94
Bangalore,2023-07-25,22.19,9.18
Bangalore,2023-07-26,22.54,4.37
Bangalore,2023-07-27,22.44,0.14
Bangalore,2023-07-28,24.12,0.33
Bangalore,2023-07-29,24.68,0.1
Bangalore,2023-07-30,25.12,0.01
Bangalore,2023-07-31,25.44,0.0
Bangalore,2023-08-01,24.98,0.0
Bangalore,2023-08-02,24.9,0.0
Bangalore,2023-08-03,25.23,0.0
Bangalore,2023-08-04,25.23,0.05
Bangalore,2023-08-05,25.21,0.01
Bangalore,2023-08-06,25.2,0.75
Bangalore,2023-08-07,25.48,0.79
Bangalore,2023-08-08,25.42,0.04
Bangalore,2023-08-09,25.69,3.61
Bangalore,2023-08-10,24.72,8.78
Bangalore,2023-08-11,24.78,6.87
Bangalore,2023-08-12,24.95,0.46
Bangalore,2023-08-13,25.38,0.11
Bangalore,2023-08-14,24.76,0.02
Bangalore,2023-08-15,25.05,0.21
Bangalore,2023-08-16,25.83,0.17
Bangalore,2023-08-17,25.63,0.0
Bangalore,2023-08-18,24.88,0.0
Bangalore,2023-08-19,25.06,3.68
Bangalore,2023-08-20,25.73,0.08
Bangalore,2023-08-21,26.15,0.02
Bangalore,2023-08-22,25.78,1.32
Bangalore,2023-08-23,25.72,0.87
Bangalore,2023-08-24,25.7,0.01
Bangalore,2023-08-25,26.59,0.0
Bangalore,2023-08-26,24.83,2.1
Bangalore,2023-08-27,25.34,4.62
Bangalore,2023-08-28,26.0,0.19
Bangalore,2023-08-29,26.2,0.42
Bangalore,2023-08-30,26.3,5.91
Bangalore,2023-08-31,24.33,24.84
Bangalore,2023-09-01,24.07,18.54
Bangalore,2023-09-02,23.26,13.36
Bangalore,2023-09-03,23.12,2.88
Bangalore,2023-09-04,22.15,1.67
Bangalore,2023-09-05,23.34,7.96
Bangalore,2023-09-06,23.08,3.59
Bangalore,2023-09-07,23.22,2.34
Bangalore,2023-09-08,23.62,0.31
Bangalore,2023-09-09,23.68,0.81
Bangalore,2023-09-10,24.0,0.44
Bangalore,2023-09-11,23.54,0.42
Bangalore,2023-09-12,24.02,0.87
Bangalore,2023-09-13,24.45,4.49
Bangalore,2023-09-14,24.24,0.56
Bangalore,2023-09-15,23.3,0.22
Bangalore,2023-09-16,24.14,22.37
Bangalore,2023-09-17,24.23,10.14
Bangalore,2023-09-18,23.93,12.75
Bangalore,2023-09-19,24.37,2.29
Bangalore,2023-09-20,23.65,8.95
Bangalore,2023-09-21,22.21,17.78
Bangalore,2023-09-22,24.01,1.08
Bangalore,2023-09-23,23.3,1.14
Bangalore,2023-09-24,22.78,17.96
Bangalore,2023-09-25,21.94,3.51
Bangalore,2023-09-26,23.29,6.22
Bangalore,2023-09-27,23.42,1.5
Bangalore,2023-09-28,22.35,2.7
Bangalore,2023-09-29,22.86,0.89
Bangalore,2023-09-30,22.5,1.65
Bangalore,2023-10-01,23.34,0.26
Bangalore,2023-10-02,23.5,0.35
Bangalore,2023-10-03,23.81,0.0
Bangalore,2023-10-04,24.2,0.12
Bangalore,2023-10-05,23.68,0.22
Bangalore,2023-10-06,23.46,0.43
Bangalore,2023-10-07,24.45,2.23
Bangalore,2023-10-08,24.43,1.88
Bangalore,2023-10-09,24.19,12.02
Bangalore,2023-10-10,23.86,16.63
Bangalore,2023-10-11,23.17,5.73
Bangalore,2023-10-12,22.99,0.13
Bangalore,2023-10-13,22.71,0.02
Bangalore,2023-10-14,22.82,0.82
Bangalore,2023-10-15,23.45,1.97
Bangalore,2023-10-16,23.08,7.93
Bangalore,2023-10-17,23.9,0.18
Bangalore,2023-10-18,23.39,0.19
Bangalore,2023-10-19,23.58,0.0
Bangalore,2023-10-20,23.84,0.0
Bangalore,2023-10-21,23.92,0.03
Bangalore,2023-10-22,23.93,0.01
Bangalore,2023-10-23,23.34,0.0
Bangalore,2023-10-24,22.58,0.0
Bangalore,2023-10-25,22.76,0.0
Bangalore,2023-10-26,22.9,0.0
Bangalore,2023-10-27,23.76,0.0
Bangalore,2023-10-28,24.11,0.02
Bangalore,2023-10-29,23.96,0.73
Bangalore,2023-10-30,22.43,4.87
Bangalore,2023-10-31,22.52,0.68
Bangalore,2023-11-01,23.75,0.01
Bangalore,2023-11-02,24.33,0.0
Bangalore,2023-11-03,24.67,1.43
Bangalore,2023-11-04,23.59,9.78
Bangalore,2023-11-05,23.38,2.41
Bangalore,2023-11-06,22.57,15.2
Bangalore,2023-11-07,22.92,14.83
Bangalore,2023-11-08,23.21,2.75
Bangalore,2023-11-09,21.91,1.97
Bangalore,2023-11-10,22.32,0.66
Bangalore,2023-11-11,22.73,0.0
Bangalore,2023-11-12,21.8,0.0
Bangalore,2023-11-13,22.17,0.06
Bangalore,2023-11-14,21.24,0.2
Bangalore,2023-11-15,22.41,0.03
Bangalore,2023-11-16,23.53,0.0
Bangalore,2023-11-17,23.99,0.0
Bangalore,2023-11-18,24.23,0.0
Bangalore,2023-11-19,23.69,0.0
Bangalore,2023-11-20,23.29,0.0
Bangalore,2023-11-21,23.3,0.33
Bangalore,2023-11-22,23.81,6.48
Bangalore,2023-11-23,23.1,2.8
Bangalore,2023-11-24,23.59,2.44
Bangalore,2023-11-25,23.2,1.3
Bangalore,2023-11-26,22.95,0.42
Bangalore,2023-11-27,23.29,0.47
Bangalore,2023-11-28,23.55,0.14
Bangalore,2023-11-29,23.02,2.4
Bangalore,2023-11-30,22.83,1.96
Bangalore,2023-12-01,23.01,0.4
Bangalore,2023-12-02,23.1,2.97
Bangalore,2023-12-03,22.99,3.13
Bangalore,2023-12-04,22.51,4.86
Bangalore,2023-12-05,22.96,1.48
Bangalore,2023-12-06,23.94,0.79
Bangalore,2023-12-07,24.4,2.5
Bangalore,2023-12-08,22.91,0.14
Bangalore,2023-12-09,22.14,0.13
Bangalore,2023-12-10,23.37,0.03
Bangalore,2023-12-11,22.86,0.04
Bangalore,2023-12-12,22.07,0.03
Bangalore,2023-12-13,20.93,0.0
Bangalore,2023-12-14,20.79,0.0
Bangalore,2023-12-15,22.24,0.12
Bangalore,2023-12-16,23.62,0.19
Bangalore,2023-12-17,22.44,0.06
Bangalore,2023-12-18,21.89,0.03
Bangalore,2023-12-19,21.65,0.0
Bangalore,2023-12-20,21.8,0.0
Bangalore,2023-12-21,22.6,0.0
Bangalore,2023-12-22,22.57,0.0
Bangalore,2023-12-23,20.65,0.0
Bangalore,2023-12-24,21.33,0.0
Bangalore,2023-12-25,22.57,0.01
Bangalore,2023-12-26,21.15,0.0
Bangalore,2023-12-27,21.1,0.0
Bangalore,2023-12-28,21.81,0.0
Bangalore,2023-12-29,22.39,0.0
Bangalore,2023-12-30,22.3,0.01
Bangalore,2023-12-31,21.19,0.0
Bangalore,2024-01-01,21.79,0.0
Bangalore,2024-01-02,22.42,0.0
Bangalore,2024-01-03,22.27,0.01
Bangalore,2024-01-04,21.31,0.13
Bangalore,2024-01-05,22.83,0.08
Bangalore,2024-01-06,22.68,0.02
Bangalore,2024-01-07,22.07,0.24
Bangalore,2024-01-08,22.07,2.55
Bangalore,2024-01-09,21.82,0.32
Bangalore,2024-01-10,22.03,0.01
Bangalore,2024-01-11,22.2,0.0
Bangalore,2024-01-12,21.92,0.0
Bangalore,2024-01-13,23.11,0.0
Bangalore,2024-01-14,23.01,0.0
Bangalore,2024-01-15,22.66,0.0
Bangalore,2024-01-16,22.47,0.0
Bangalore,2024-01-17,22.64,0.0
Bangalore,2024-01-18,22.87,0.0
Bangalore,2024-01-19,23.26,0.0
Bangalore,2024-01-20,24.38,0.0
Bangalore,2024-01-21,24.3,0.0
Bangalore,2024-01-22,24.69,0.0
Bangalore,2024-01-23,24.02,0.0
Bangalore,2024-01-24,24.67,0.0
Bangalore,2024-01-25,24.33,0.0
Bangalore,2024-01-26,23.48,0.0
Bangalore,2024-01-27,23.4,0.0
Bangalore,2024-01-28,23.36,0.0
Bangalore,2024-01-29,23.32,0.0
Bangalore,2024-01-30,23.19,0.0
Bangalore,2024-01-31,24.46,0.0
Bangalore,2024-02-01,24.97,0.0
Bangalore,2024-02-02,25.87,0.0
Bangalore,2024-02-03,26.01,0.0
Bangalore,2024-02-04,24.62,0.0
Bangalore,2024-02-05,24.4,0.0
Bangalore,2024-02-06,24.68,0.0
Bangalore,2024-02-07,24.82,0.0
Bangalore,2024-02-08,25.54,0.0
Bangalore,2024-02-09,24.94,0.0
Bangalore,2024-02-10,24.8,0.0
Bangalore,2024-02-11,24.37,0.0
Bangalore,2024-02-12,23.72,0.0
Bangalore,2024-02-13,23.64,0.0
Bangalore,2024-02-14,25.01,0.0
Bangalore,2024-02-15,24.36,0.0
Bangalore,2024-02-16,23.95,0.0
Bangalore,2024-02-17,24.41,0.0
Bangalore,2024-02-18,24.82,0.0
Bangalore,2024-02-19,25.16,0.0
Bangalore,2024-02-20,25.94,0.0
Bangalore,2024-02-21,26.83,0.0
Bangalore,2024-02-22,26.81,0.0
Bangalore,2024-02-23,27.94,0.0
Bangalore,2024-02-24,27.94,0.0
Bangalore,2024-02-25,27.01,0.0
Bangalore,2024-02-26,25.77,0.0
Bangalore,2024-02-27,26.26,0.0
Bangalore,2024-02-28,26.17,0.0
Bangalore,2024-02-29,25.22,0.0
Bangalore,2024-03-01,25.11,0.0
Bangalore,2024-03-02,26.16,0.0
Bangalore,2024-03-03,26.53,0.0
Bangalore,2024-03-04,27.48,0.0
Bangalore,2024-03-05,27.79,0.0
Bangalore,2024-03-06,27.96,0.0
Bangalore,2024-03-07,27.51,0.0
Bangalore,2024-03-08,28.38,0.0
Bangalore,2024-03-09,28.7,0.0
Bangalore,2024-03-10,28.17,0.0
Bangalore,2024-03-11,27.71,0.0
Bangalore,2024-03-12,27.92,0.0
Bangalore,2024-03-13,28.33,0.0
Bangalore,2024-03-14,29.15,0.0
Bangalore,2024-03-15,29.74,0.0
Bangalore,2024-03-16,28.32,0.0
Bangalore,2024-03-17,27.58,0.0
Bangalore,2024-03-18,27.58,0.0
Bangalore,2024-03-19,27.92,0.0
Bangalore,2024-03-20,27.99,0.0
Bangalore,2024-03-21,27.62,0.0
Bangalore,2024-03-22,28.26,0.0
Bangalore,2024-03-23,28.7,0.0
Bangalore,2024-03-24,28.52,0.0
Bangalore,2024-03-25,28.14,0.0
Bangalore,2024-03-26,28.38,0.0
Bangalore,2024-03-27,27.77,0.0
Bangalore,2024-03-28,28.3,0.0
Bangalore,2024-03-29,28.96,0.0
Bangalore,2024-03-30,28.97,0.0
Bangalore,2024-03-31,28.01,0.0
Bangalore,2024-04-01,28.77,0.0
Bangalore,2024-04-02,29.86,0.0
Bangalore,2024-04-03,29.63,0.01
Bangalore,2024-04-04,29.91,0.0
Bangalore,2024-04-05,30.47,0.0
Bangalore,2024-04-06,30.22,0.0
Bangalore,2024-04-07,30.1,0.0
Bangalore,2024-04-08,29.83,0.0
Bangalore,2024-04-09,28.98,0.0
Bangalore,2024-04-10,29.14,0.0
Bangalore,2024-04-11,29.5,0.0
Bangalore,2024-04-12,29.38,0.09
Bangalore,2024-04-13,28.89,0.0
Bangalore,2024-04-14,29.35,0.0
Bangalore,2024-04-15,29.46,0.0
Bangalore,2024-04-16,29.86,0.0
Bangalore,2024-04-17,31.1,0.0
Bangalore,2024-04-18,32.38,0.0
Bangalore,2024-04-19,32.25,0.0
Bangalore,2024-04-20,32.29,0.0
Bangalore,2024-04-21,31.51,0.0
Bangalore,2024-04-22,31.04,0.0
Bangalore,2024-04-23,30.74,0.0
Bangalore,2024-04-24,30.14,0.0
Bangalore,2024-04-25,30.56,0.0
Bangalore,2024-04-26,30.35,0.0
Bangalore,2024-04-27,30.17,0.0
Bangalore,2024-04-28,31.01,0.0
Bangalore,2024-04-29,31.13,0.0
Bangalore,2024-04-30,31.18,0.0
Bangalore,2024-05-01,32.19,0.0
Bangalore,2024-05-02,31.55,0.39
Bangalore,2024-05-03,32.08,2.79
Bangalore,2024-05-04,30.68,4.16
Bangalore,2024-05-05,31.51,0.08
Bangalore,2024-05-06,31.11,7.09
Bangalore,2024-05-07,29.33,5.19
Bangalore,2024-05-08,27.81,13.68
Bangalore,2024-05-09,27.9,3.35
Bangalore,2024-05-10,27.24,0.29
Bangalore,2024-05-11,27.78,4.72
Bangalore,2024-05-12,27.58,6.78
Bangalore,2024-05-13,26.59,13.03
Bangalore,2024-05-14,26.72,1.44
Bangalore,2024-05-15,27.93,0.39
Bangalore,2024-05-16,26.27,5.4
Bangalore,2024-05-17,27.07,2.23
Bangalore,2024-05-18,26.35,9.96
Bangalore,2024-05-19,25.47,6.36
Bangalore,2024-05-20,24.26,8.68
Bangalore,2024-05-21,25.3,10.0
Bangalore,2024-05-22,27.22,3.97
Bangalore,2024-05-23,27.76,0.15
Bangalore,2024-05-24,27.48,0.7
Bangalore,2024-05-25,23.97,1.03
Bangalore,2024-05-26,25.76,0.0
Bangalore,2024-05-27,26.18,0.0
Bangalore,2024-05-28,26.91,0.0
Bangalore,2024-05-29,26.38,0.04
Bangalore,2024-05-30,26.81,4.17
Bangalore,2024-05-31,27.73,0.07
Bangalore,2024-06-01,26.79,3.46
Bangalore,2024-06-02,25.43,40.31
Bangalore,2024-06-03,25.77,5.84
Bangalore,2024-06-04,25.52,6.31
Bangalore,2024-06-05,25.08,14.12
Bangalore,2024-06-06,24.8,5.84
Bangalore,2024-06-07,24.39,18.93
Bangalore,2024-06-08,24.68,1.67
Bangalore,2024-06-09,24.1,0.31
Bangalore,2024-06-10,23.85,5.98
Bangalore,2024-06-11,23.05,2.59
Bangalore,2024-06-12,23.19,0.54
Bangalore,2024-06-13,23.52,2.94
Bangalore,2024-06-14,23.26,1.49
Bangalore,2024-06-15,24.43,0.0
Bangalore,2024-06-16,24.99,3.29
Bangalore,2024-06-17,24.99,8.99
Bangalore,2024-06-18,24.54,7.31
Bangalore,2024-06-19,23.9,9.54
Bangalore,2024-06-20,24.04,2.11
Bangalore,2024-06-21,23.39,3.07
Bangalore,2024-06-22,23.53,0.19
Bangalore,2024-06-23,23.14,1.19
Bangalore,2024-06-24,23.15,0.04
Bangalore,2024-06-25,22.96,0.12
Bangalore,2024-06-26,22.6,0.2
Bangalore,2024-06-27,21.71,0.03
Bangalore,2024-06-28,23.17,0.02
Bangalore,2024-06-29,24.5,1.3
Bangalore,2024-06-30,24.12,0.29
Bangalore,2024-07-01,22.67,1.5
Bangalore,2024-07-02,24.44,0.01
Bangalore,2024-07-03,24.21,1.33
Bangalore,2024-07-04,25.0,1.25
Bangalore,2024-07-05,23.21,3.89
Bangalore,2024-07-06,23.3,0.52
Bangalore,2024-07-07,24.09,1.7
Bangalore,2024-07-08,23.61,6.31
Bangalore,2024-07-09,23.33,0.24
Bangalore,2024-07-10,23.77,1.32
Bangalore,2024-07-11,24.59,0.0
Bangalore,2024-07-12,23.68,8.3
Bangalore,2024-07-13,23.06,1.01
Bangalore,2024-07-14,23.54,1.15
Bangalore,2024-07-15,23.41,3.28
Bangalore,2024-07-16,23.28,0.94
Bangalore,2024-07-17,23.16,1.35
Bangalore,2024-07-18,22.87,3.79
Bangalore,2024-07-19,23.41,2.78
Bangalore,2024-07-20,23.5,1.57
Bangalore,2024-07-21,23.95,1.9
Bangalore,2024-07-22,23.87,0.65
Bangalore,2024-07-23,23.7,0.69
Bangalore,2024-07-24,23.28,0.85
Bangalore,2024-07-25,23.47,1.31
Bangalore,2024-07-26,23.74,1.25
Bangalore,2024-07-27,23.92,0.04
Bangalore,2024-07-28,24.11,0.0
Bangalore,2024-07-29,24.83,0.64
Bangalore,2024-07-30,23.67,1.85
Bangalore,2024-07-31,24.15,10.13
Bangalore,2024-08-01,24.59,2.38
Bangalore,2024-08-02,23.9,1.37
Bangalore,2024-08-03,23.11,0.28
Bangalore,2024-08-04,22.97,1.59
Bangalore,2024-08-05,24.2,10.98
Bangalore,2024-08-06,23.47,15.89
Bangalore,2024-08-07,23.06,3.1
Bangalore,2024-08-08,23.87,2.29
Bangalore,2024-08-09,24.52,4.41
Bangalore,2024-08-10,24.24,7.89
Bangalore,2024-08-11,24.13,7.35
Bangalore,2024-08-12,23.47,73.08
Bangalore,2024-08-13,25.07,5.34
Bangalore,2024-08-14,25.2,0.17
Bangalore,2024-08-15,25.11,3.68
Bangalore,2024-08-16,25.21,3.51
Bangalore,2024-08-17,24.68,4.03
Bangalore,2024-08-18,24.71,2.7
Bangalore,2024-08-19,24.44,3.09
Bangalore,2024-08-20,24.65,11.78
Bangalore,2024-08-21,24.22,0.88
Bangalore,2024-08-22,23.63,0.01
Bangalore,2024-08-23,23.9,0.0
Bangalore,2024-08-24,23.08,0.19
Bangalore,2024-08-25,23.04,0.19
Bangalore,2024-08-26,23.74,0.02
Bangalore,2024-08-27,22.98,1.36
Bangalore,2024-08-28,22.7,0.13
Bangalore,2024-08-29,23.53,10.45
Bangalore,2024-08-30,22.87,7.47
Bangalore,2024-08-31,22.57,4.21
Bangalore,2024-09-01,22.91,0.83
Bangalore,2024-09-02,22.85,3.62
Bangalore,2024-09-03,23.73,1.5
Bangalore,2024-09-04,23.5,1.76
Bangalore,2024-09-05,23.42,1.89
Bangalore,2024-09-06,23.44,3.1
Bangalore,2024-09-07,23.32,0.58
Bangalore,2024-09-08,23.43,0.15
Bangalore,2024-09-09,24.06,0.19
Bangalore,2024-09-10,23.99,0.56
Bangalore,2024-09-11,23.94,0.04
Bangalore,2024-09-12,23.36,0.0
Bangalore,2024-09-13,24.15,0.0
Bangalore,2024-09-14,24.32,0.0
Bangalore,2024-09-15,24.25,0.0
Bangalore,2024-09-16,23.91,0.0
Bangalore,2024-09-17,24.21,0.0
Bangalore,2024-09-18,23.71,0.0
Bangalore,2024-09-19,24.46,0.05
Bangalore,2024-09-20,24.51,0.66
Bangalore,2024-09-21,24.91,0.4
Bangalore,2024-09-22,24.12,7.02
Bangalore,2024-09-23,23.66,0.89
Bangalore,2024-09-24,23.96,7.5
Bangalore,2024-09-25,24.05,0.14
Bangalore,2024-09-26,23.34,0.0
Bangalore,2024-09-27,24.03,0.88
Bangalore,2024-09-28,24.43,6.65
Bangalore,2024-09-29,24.86,11.05
Bangalore,2024-09-30,24.85,0.06
Bangalore,2024-10-01,25.23,0.04
Bangalore,2024-10-02,25.74,16.43
Bangalore,2024-10-03,24.24,12.29
Bangalore,2024-10-04,23.56,15.23
Bangalore,2024-10-05,23.64,13.54
Bangalore,2024-10-06,21.57,7.69
Bangalore,2024-10-07,22.77,0.6
Bangalore,2024-10-08,23.56,5.68
Bangalore,2024-10-09,23.68,2.06
Bangalore,2024-10-10,23.55,1.75
Bangalore,2024-10-11,23.34,1.51
Bangalore,2024-10-12,22.71,7.32
Bangalore,2024-10-13,22.95,5.01
Bangalore,2024-10-14,22.56,9.57
Bangalore,2024-10-15,22.27,20.31
Bangalore,2024-10-16,22.09,22.76
Bangalore,2024-10-17,23.47,2.03
Bangalore,2024-10-18,22.53,7.63
Bangalore,2024-10-19,22.6,12.21
Bangalore,2024-10-20,23.21,10.78
Bangalore,2024-10-21,23.65,19.09
Bangalore,2024-10-22,23.84,7.19
Bangalore,2024-10-23,23.74,17.01
Bangalore,2024-10-24,22.95,3.68
Bangalore,2024-10-25,23.01,0.75
Bangalore,2024-10-26,22.06,0.0
Bangalore,2024-10-27,21.66,0.03
Bangalore,2024-10-28,22.47,0.03
Bangalore,2024-10-29,23.55,0.0
Bangalore,2024-10-30,23.84,1.7
Bangalore,2024-10-31,23.12,3.49
Bangalore,2024-11-01,23.33,0.28
Bangalore,2024-11-02,23.07,1.44
Bangalore,2024-11-03,22.74,0.51
Bangalore,2024-11-04,22.55,0.14
Bangalore,2024-11-05,21.81,1.32
Bangalore,2024-11-06,22.01,0.0
Bangalore,2024-11-07,22.89,0.02
Bangalore,2024-11-08,22.66,0.0
Bangalore,2024-11-09,21.87,0.0
Bangalore,2024-11-10,21.25,0.0
Bangalore,2024-11-11,20.97,0.0
Bangalore,2024-11-12,21.46,2.75
Bangalore,2024-11-13,22.54,0.82
Bangalore,2024-11-14,22.68,4.69
Bangalore,2024-11-15,22.42,3.41
Bangalore,2024-11-16,22.39,4.57
Bangalore,2024-11-17,22.3,0.21
Bangalore,2024-11-18,22.42,0.02
Bangalore,2024-11-19,22.1,0.01
Bangalore,2024-11-20,21.33,0.0
Bangalore,2024-11-21,21.3,0.0
Bangalore,2024-11-22,20.88,0.0
Bangalore,2024-11-23,20.95,0.0
Bangalore,2024-11-24,21.82,0.0
Bangalore,2024-11-25,20.5,0.0
Bangalore,2024-11-26,20.5,1.87
Bangalore,2024-11-27,21.49,0.18
Bangalore,2024-11-28,21.08,0.0
Bangalore,2024-11-29,20.94,0.08
Bangalore,2024-11-30,22.04,19.21
Bangalore,2024-12-01,21.37,18.18
Bangalore,2024-12-02,21.68,42.03
Bangalore,2024-12-03,22.75,8.16
Bangalore,2024-12-04,22.53,2.68
Bangalore,2024-12-05,22.52,0.48
Bangalore,2024-12-06,22.22,0.49
Bangalore,2024-12-07,22.4,0.03
Bangalore,2024-12-08,22.03,0.0
Bangalore,2024-12-09,22.14,0.0
Bangalore,2024-12-10,22.28,0.0
Bangalore,2024-12-11,22.12,0.08
Bangalore,2024-12-12,21.01,13.63
Bangalore,2024-12-13,20.92,0.61
Bangalore,2024-12-14,20.81,0.09
Bangalore,2024-12-15,18.63,0.0
Bangalore,2024-12-16,17.56,0.0
Bangalore,2024-12-17,19.9,0.47
Bangalore,2024-12-18,21.07,0.39
Bangalore,2024-12-19,22.74,0.18
Bangalore,2024-12-20,22.74,0.08
Bangalore,2024-12-21,23.63,0.41
Bangalore,2024-12-22,22.65,0.4
Bangalore,2024-12-23,21.99,0.0
Bangalore,2024-12-24,21.75,0.0
Bangalore,2024-12-25,21.8,0.44
Bangalore,2024-12-26,22.36,7.19
Bangalore,2024-12-27,21.66,5.04
Bangalore,2024-12-28,20.88,0.25
Bangalore,2024-12-29,20.86,0.0
Bangalore,2024-12-30,21.2,0.0
Bangalore,2024-12-31,20.78,0.0
Bangalore,2025-01-01,19.97,0.0
Bangalore,2025-01-02,19.98,0.0
Bangalore,2025-01-03,19.71,0.0
Bangalore,2025-01-04,18.66,0.0
Bangalore,2025-01-05,18.93,0.0
Bangalore,2025-01-06,19.14,0.0
Bangalore,2025-01-07,19.56,0.0
Bangalore,2025-01-08,19.12,0.0
Bangalore,2025-01-09,19.51,0.0
Bangalore,2025-01-10,20.64,0.0
Bangalore,2025-01-11,21.98,0.0
Bangalore,2025-01-12,22.07,0.0
Bangalore,2025-01-13,22.46,1.37
Bangalore,2025-01-14,22.33,0.25
Bangalore,2025-01-15,21.27,0.01
Bangalore,2025-01-16,20.89,0.0
Bangalore,2025-01-17,20.98,0.0
Bangalore,2025-01-18,21.12,1.19
Bangalore,2025-01-19,21.37,3.79
Bangalore,2025-01-20,21.62,0.05
Bangalore,2025-01-21,20.79,0.0
Bangalore,2025-01-22,21.39,0.0
Bangalore,2025-01-23,21.83,0.0
Bangalore,2025-01-24,20.68,0.0
Bangalore,2025-01-25,20.52,0.0
Bangalore,2025-01-26,19.55,0.0
Bangalore,2025-01-27,20.38,0.0
Bangalore,2025-01-28,20.77,0.0
Bangalore,2025-01-29,20.87,0.0
Bangalore,2025-01-30,21.03,0.0
Bangalore,2025-01-31,23.45,0.0
Bangalore,2025-02-01,23.62,0.0
Bangalore,2025-02-02,22.72,0.0
Bangalore,2025-02-03,21.36,0.0
Bangalore,2025-02-04,21.88,0.0
Bangalore,2025-02-05,21.86,0.0
Bangalore,2025-02-06,21.48,0.0
Bangalore,2025-02-07,21.89,0.0
Bangalore,2025-02-08,22.34,0.0
Bangalore,2025-02-09,22.31,0.0
Bangalore,2025-02-10,22.09,0.0
Bangalore,2025-02-11,22.2,0.0
Bangalore,2025-02-12,22.66,0.0
Bangalore,2025-02-13,23.1,0.0
Bangalore,2025-02-14,23.47,0.0
Bangalore,2025-02-15,23.77,0.0
Bangalore,2025-02-16,23.36,0.0
Bangalore,2025-02-17,23.82,0.0
Bangalore,2025-02-18,24.01,0.0
Bangalore,2025-02-19,24.76,0.0
Bangalore,2025-02-20,25.16,0.0
Bangalore,2025-02-21,25.08,0.0
Bangalore,2025-02-22,25.03,0.0
Bangalore,2025-02-23,24.83,0.0
Bangalore,2025-02-24,24.37,0.0
Bangalore,2025-02-25,24.03,0.0
Bangalore,2025-02-26,24.69,0.0
Bangalore,2025-02-27,24.19,0.0
Bangalore,2025-02-28,24.5,0.0
Bangalore,2025-03-01,25.89,0.0
Kolar,2023-01-01,18.64,0.0
Kolar,2023-01-02,18.75,0.0
Kolar,2023-01-03,19.01,0.0
Kolar,2023-01-04,19.15,0.0
Kolar,2023-01-05,18.7,0.0
Kolar,2023-01-06,18.97,0.0
Kolar,2023-01-07,19.33,0.0
Kolar,2023-01-08,19.42,0.0
Kolar,2023-01-09,17.75,0.0
Kolar,2023-01-10,16.52,0.0
Kolar,2023-01-11,17.24,0.0
Kolar,2023-01-12,18.14,0.0
Kolar,2023-01-13,18.33,0.0
Kolar,2023-01-14,17.99,0.0
Kolar,2023-01-15,18.22,0.0
Kolar,2023-01-16,18.51,0.0
Kolar,2023-01-17,18.12,0.0
Kolar,2023-01-18,18.51,0.0
Kolar,2023-01-19,18.45,0.0
Kolar,2023-01-20,18.86,0.0
Kolar,2023-01-21,19.7,0.0
Kolar,2023-01-22,19.25,0.0
Kolar,2023-01-23,20.36,0.0
Kolar,2023-01-24,20.97,0.05
Kolar,2023-01-25,19.7,0.2
Kolar,2023-01-26,19.53,0.0
Kolar,2023-01-27,19.05,0.0
Kolar,2023-01-28,18.77,0.0
Kolar,2023-01-29,19.3,0.0
Kolar,2023-01-30,21.04,0.01
Kolar,2023-01-31,21.52,0.0
Kolar,2023-02-01,21.38,0.0
Kolar,2023-02-02,20.94,0.0
Kolar,2023-02-03,21.86,0.02
Kolar,2023-02-04,22.12,0.25
Kolar,2023-02-05,22.14,0.0
Kolar,2023-02-06,21.3,0.0
Kolar,2023-02-07,21.18,0.0
Kolar,2023-02-08,21.94,0.0
Kolar,2023-02-09,21.73,0.0
Kolar,2023-02-10,22.02,0.0
Kolar,2023-02-11,21.85,0.0
Kolar,2023-02-12,22.64,0.0
Kolar,2023-02-13,22.32,0.0
Kolar,2023-02-14,21.77,0.0
Kolar,2023-02-15,21.96,0.0
Kolar,2023-02-16,21.92,0.0
Kolar,2023-02-17,21.5,0.0
Kolar,2023-02-18,21.72,0.0
Kolar,2023-02-19,22.2,0.0
Kolar,2023-02-20,22.67,0.0
Kolar,2023-02-21,23.0,0.0
Kolar,2023-02-22,22.79,0.0
Kolar,2023-02-23,21.63,0.0
Kolar,2023-02-24,22.24,0.0
Kolar,2023-02-25,23.27,0.0
Kolar,2023-02-26,22.92,0.0
Kolar,2023-02-27,21.72,0.0
Kolar,2023-02-28,22.24,0.0
Kolar,2023-03-01,23.97,0.0
Kolar,2023-03-02,22.12,0.0
Kolar,2023-03-03,22.36,0.0
Kolar,2023-03-04,22.94,0.0
Kolar,2023-03-05,23.31,0.0
Kolar,2023-03-06,23.33,0.0
Kolar,2023-03-07,23.65,0.0
Kolar,2023-03-08,23.54,0.0
Kolar,2023-03-09,23.09,0.0
Kolar,2023-03-10,23.65,0.0
Kolar,2023-03-11,23.9,0.0
Kolar,2023-03-12,24.02,0.0
Kolar,2023-03-13,25.07,0.0
Kolar,2023-03-14,25.76,0.0
Kolar,2023-03-15,26.57,0.0
Kolar,2023-03-16,26.65,0.85
Kolar,2023-03-17,24.17,12.76
Kolar,2023-03-18,24.67,5.84
Kolar,2023-03-19,25.59,4.03
Kolar,2023-03-20,25.4,0.74
Kolar,2023-03-21,24.83,0.01
Kolar,2023-03-22,25.8,0.0
Kolar,2023-03-23,26.93,0.18
Kolar,2023-03-24,26.76,1.14
Kolar,2023-03-25,26.14,1.31
Kolar,2023-03-26,26.3,0.65
Kolar,2023-03-27,27.32,0.29
Kolar,2023-03-28,28.06,0.07
Kolar,2023-03-29,28.24,0.21
Kolar,2023-03-30,27.88,1.06
Kolar,2023-03-31,28.52,0.01
Kolar,2023-04-01,27.63,0.2
Kolar,2023-04-02,27.82,0.4
Kolar,2023-04-03,28.37,0.24
Kolar,2023-04-04,26.44,9.48
Kolar,2023-04-05,26.85,0.75
Kolar,2023-04-06,26.74,0.12
Kolar,2023-04-07,26.69,0.0
Kolar,2023-04-08,26.12,0.0
Kolar,2023-04-09,26.36,0.0
Kolar,2023-04-10,26.8,0.0
Kolar,2023-04-11,27.25,0.0
Kolar,2023-04-12,27.26,0.0
Kolar,2023-04-13,28.88,0.0
Kolar,2023-04-14,28.25,0.0
Kolar,2023-04-15,28.8,0.0
Kolar,2023-04-16,27.82,0.0
Kolar,2023-04-17,28.41,0.0
Kolar,2023-04-18,28.6,0.0
Kolar,2023-04-19,28.88,0.0
Kolar,2023-04-20,30.0,0.0
Kolar,2023-04-21,30.15,0.72
Kolar,2023-04-22,29.24,2.5
Kolar,2023-04-23,28.54,1.34
Kolar,2023-04-24,28.26,0.33
Kolar,2023-04-25,27.75,0.48
Kolar,2023-04-26,28.0,0.06
Kolar,2023-04-27,28.43,0.0
Kolar,2023-04-28,28.3,0.02
Kolar,2023-04-29,27.19,19.52
Kolar,2023-04-30,26.65,1.29
Kolar,2023-05-01,24.39,22.57
Kolar,2023-05-02,25.06,2.98
Kolar,2023-05-03,25.03,3.35
Kolar,2023-05-04,24.59,9.77
Kolar,2023-05-05,23.82,20.28
Kolar,2023-05-06,24.24,3.06
Kolar,2023-05-07,24.67,13.08
Kolar,2023-05-08,24.91,6.74
Kolar,2023-05-09,26.1,0.5
Kolar,2023-05-10,26.17,0.03
Kolar,2023-05-11,27.3,0.01
Kolar,2023-05-12,28.14,7.68
Kolar,2023-05-13,27.8,0.0
Kolar,2023-05-14,28.5,0.0
Kolar,2023-05-15,28.97,0.23
Kolar,2023-05-16,29.19,0.24
Kolar,2023-05-17,29.77,1.11
Kolar,2023-05-18,28.95,0.03
Kolar,2023-05-19,27.55,0.0
Kolar,2023-05-20,28.08,3.35
Kolar,2023-05-21,28.28,14.16
Kolar,2023-05-22,27.85,4.96
Kolar,2023-05-23,27.46,7.81
Kolar,2023-05-24,27.13,1.22
Kolar,2023-05-25,26.32,3.17
Kolar,2023-05-26,27.64,1.83
Kolar,2023-05-27,27.87,0.16
Kolar,2023-05-28,28.18,0.08
Kolar,2023-05-29,28.72,0.05
Kolar,2023-05-30,26.55,9.42
Kolar,2023-05-31,25.84,19.95
Kolar,2023-06-01,26.53,5.7
Kolar,2023-06-02,26.34,1.0
Kolar,2023-06-03,28.23,0.0
Kolar,2023-06-04,28.17,0.01
Kolar,2023-06-05,26.79,0.03
Kolar,2023-06-06,27.17,1.96
Kolar,2023-06-07,26.82,1.18
Kolar,2023-06-08,24.81,1.17
Kolar,2023-06-09,26.45,5.0
Kolar,2023-06-10,26.26,0.59
Kolar,2023-06-11,26.71,0.03
Kolar,2023-06-12,26.14,23.46
Kolar,2023-06-13,26.6,0.2
Kolar,2023-06-14,26.31,0.58
Kolar,2023-06-15,27.13,0.08
Kolar,2023-06-16,27.28,0.02
Kolar,2023-06-17,26.82,0.1
Kolar,2023-06-18,25.22,0.24
Kolar,2023-06-19,25.18,2.13
Kolar,2023-06-20,24.8,10.44
Kolar,2023-06-21,24.19,14.06
Kolar,2023-06-22,25.58,10.46
Kolar,2023-06-23,24.9,2.03
Kolar,2023-06-24,23.74,0.24
Kolar,2023-06-25,24.09,2.44
Kolar,2023-06-26,24.5,0.34
Kolar,2023-06-27,24.43,0.88
Kolar,2023-06-28,25.02,0.1
Kolar,2023-06-29,24.52,8.7
Kolar,2023-06-30,25.28,0.21
Kolar,2023-07-01,24.73,0.8
Kolar,2023-07-02,23.69,4.04
Kolar,2023-07-03,24.2,2.54
Kolar,2023-07-04,23.86,3.8
Kolar,2023-07-05,23.37,0.76
Kolar,2023-07-06,23.79,0.23
Kolar,2023-07-07,24.44,2.84
Kolar,2023-07-08,24.25,2.57
Kolar,2023-07-09,24.65,1.53
Kolar,2023-07-10,24.49,4.95
Kolar,2023-07-11,24.1,9.71
Kolar,2023-07-12,24.47,6.57
Kolar,2023-07-13,24.48,9.7
Kolar,2023-07-14,24.45,1.27
Kolar,2023-07-15,24.38,1.69
Kolar,2023-07-16,25.14,0.13
Kolar,2023-07-17,25.08,0.2
Kolar,2023-07-18,25.38,0.03
Kolar,2023-07-19,24.62,0.17
Kolar,2023-07-20,24.66,0.2
Kolar,2023-07-21,24.6,0.22
Kolar,2023-07-22,24.82,1.93
Kolar,2023-07-23,24.58,1.69
Kolar,2023-07-24,23.55,8.81
Kolar,2023-07-25,22.68,10.41
Kolar,2023-07-26,23.09,5.74
Kolar,2023-07-27,23.21,0.29
Kolar,2023-07-28,24.68,0.55
Kolar,2023-07-29,25.16,0.24
Kolar,2023-07-30,25.57,0.03
Kolar,2023-07-31,25.93,0.0
Kolar,2023-08-01,25.58,0.0
Kolar,2023-08-02,25.49,0.0
Kolar,2023-08-03,25.7,0.0
Kolar,2023-08-04,25.77,0.06
Kolar,2023-08-05,25.81,0.02
Kolar,2023-08-06,25.71,0.71
Kolar,2023-08-07,25.94,0.43
Kolar,2023-08-08,25.94,0.14
Kolar,2023-08-09,26.11,3.37
Kolar,2023-08-10,24.98,6.6
Kolar,2023-08-11,24.93,4.69
Kolar,2023-08-12,25.62,0.52
Kolar,2023-08-13,26.18,0.2
Kolar,2023-08-14,25.49,0.14
Kolar,2023-08-15,25.24,0.16
Kolar,2023-08-16,26.44,0.14
Kolar,2023-08-17,25.91,0.1
Kolar,2023-08-18,25.68,0.0
Kolar,2023-08-19,25.57,4.68
Kolar,2023-08-20,26.18,0.13
Kolar,2023-08-21,26.56,0.08
Kolar,2023-08-22,25.95,1.07
Kolar,2023-08-23,25.32,0.54
Kolar,2023-08-24,26.12,0.06
Kolar,2023-08-25,26.16,0.0
Kolar,2023-08-26,25.08,1.74
Kolar,2023-08-27,25.31,4.11
Kolar,2023-08-28,26.0,0.14
Kolar,2023-08-29,26.25,0.35
Kolar,2023-08-30,26.41,4.57
Kolar,2023-08-31,24.59,30.54
Kolar,2023-09-01,25.3,21.3
Kolar,2023-09-02,23.88,9.25
Kolar,2023-09-03,23.96,2.99
Kolar,2023-09-04,22.85,1.68
Kolar,2023-09-05,23.65,11.89
Kolar,2023-09-06,23.34,4.41
Kolar,2023-09-07,23.83,2.95
Kolar,2023-09-08,23.84,0.59
Kolar,2023-09-09,23.89,0.83
Kolar,2023-09-10,24.53,0.67
Kolar,2023-09-11,24.23,0.6
Kolar,2023-09-12,24.15,0.89
Kolar,2023-09-13,24.86,6.65
Kolar,2023-09-14,24.68,0.73
Kolar,2023-09-15,23.97,0.26
Kolar,2023-09-16,24.49,12.45
Kolar,2023-09-17,24.79,9.57
Kolar,2023-09-18,24.33,14.82
Kolar,2023-09-19,24.74,2.11
Kolar,2023-09-20,24.15,7.92
Kolar,2023-09-21,22.54,15.3
Kolar,2023-09-22,24.26,1.76
Kolar,2023-09-23,24.0,1.56
Kolar,2023-09-24,23.16,12.98
Kolar,2023-09-25,22.53,5.4
Kolar,2023-09-26,23.68,7.89
Kolar,2023-09-27,23.87,1.2
Kolar,2023-09-28,22.93,3.86
Kolar,2023-09-29,23.39,0.85
Kolar,2023-09-30,22.97,1.04
Kolar,2023-10-01,23.75,0.42
Kolar,2023-10-02,23.84,0.37
Kolar,2023-10-03,24.36,0.0
Kolar,2023-10-04,24.59,0.09
Kolar,2023-10-05,25.02,0.16
Kolar,2023-10-06,24.63,0.39
Kolar,2023-10-07,25.0,2.35
Kolar,2023-10-08,24.82,1.84
Kolar,2023-10-09,24.54,14.18
Kolar,2023-10-10,24.55,21.05
Kolar,2023-10-11,23.29,6.86
Kolar,2023-10-12,22.78,0.09
Kolar,2023-10-13,22.45,0.07
Kolar,2023-10-14,23.06,0.4
Kolar,2023-10-15,23.46,2.38
Kolar,2023-10-16,23.55,6.63
Kolar,2023-10-17,23.92,0.24
Kolar,2023-10-18,23.24,0.36
Kolar,2023-10-19,23.38,0.0
Kolar,2023-10-20,23.6,0.0
Kolar,2023-10-21,23.65,0.04
Kolar,2023-10-22,24.05,0.01
Kolar,2023-10-23,23.56,0.0
Kolar,2023-10-24,22.79,0.0
Kolar,2023-10-25,23.07,0.0
Kolar,2023-10-26,23.09,0.0
Kolar,2023-10-27,23.84,0.0
Kolar,2023-10-28,23.89,0.03
Kolar,2023-10-29,23.72,0.72
Kolar,2023-10-30,22.42,4.61
Kolar,2023-10-31,22.38,0.65
Kolar,2023-11-01,23.94,0.02
Kolar,2023-11-02,24.44,0.01
Kolar,2023-11-03,24.24,1.62
Kolar,2023-11-04,23.33,10.44
Kolar,2023-11-05,23.35,2.69
Kolar,2023-11-06,23.24,22.5
Kolar,2023-11-07,23.32,15.94
Kolar,2023-11-08,23.17,3.46
Kolar,2023-11-09,21.96,1.92
Kolar,2023-11-10,22.24,0.51
Kolar,2023-11-11,21.95,0.0
Kolar,2023-11-12,21.49,0.0
Kolar,2023-11-13,22.16,0.06
Kolar,2023-11-14,21.2,0.54
Kolar,2023-11-15,22.45,0.04
Kolar,2023-11-16,23.3,0.0
Kolar,2023-11-17,23.67,0.0
Kolar,2023-11-18,23.59,0.0
Kolar,2023-11-19,23.09,0.0
Kolar,2023-11-20,22.85,0.01
Kolar,2023-11-21,23.39,0.19
Kolar,2023-11-22,23.6,4.76
Kolar,2023-11-23,23.35,1.92
Kolar,2023-11-24,23.47,1.63
Kolar,2023-11-25,23.06,1.12
Kolar,2023-11-26,22.75,0.43
Kolar,2023-11-27,23.12,0.47
Kolar,2023-11-28,23.34,0.18
Kolar,2023-11-29,22.81,2.04
Kolar,2023-11-30,22.62,1.19
Kolar,2023-12-01,22.33,0.45
Kolar,2023-12-02,22.88,2.33
Kolar,2023-12-03,22.8,2.43
Kolar,2023-12-04,22.6,3.07
Kolar,2023-12-05,23.46,0.75
Kolar,2023-12-06,24.34,0.8
Kolar,2023-12-07,24.52,0.87
Kolar,2023-12-08,23.09,0.18
Kolar,2023-12-09,22.52,0.28
Kolar,2023-12-10,22.6,0.01
Kolar,2023-12-11,22.26,0.03
Kolar,2023-12-12,21.5,0.01
Kolar,2023-12-13,20.84,0.0
Kolar,2023-12-14,20.44,0.0
Kolar,2023-12-15,21.9,0.14
Kolar,2023-12-16,22.97,0.19
Kolar,2023-12-17,21.61,0.04
Kolar,2023-12-18,21.71,0.03
Kolar,2023-12-19,21.11,0.0
Kolar,2023-12-20,21.49,0.0
Kolar,2023-12-21,22.09,0.0
Kolar,2023-12-22,22.07,0.0
Kolar,2023-12-23,19.43,0.0
Kolar,2023-12-24,21.11,0.0
Kolar,2023-12-25,22.15,0.01
Kolar,2023-12-26,20.72,0.0
Kolar,2023-12-27,20.91,0.0
Kolar,2023-12-28,21.7,0.0
Kolar,2023-12-29,22.28,0.0
Kolar,2023-12-30,21.88,0.0
Kolar,2023-12-31,20.93,0.0
Kolar,2024-01-01,21.7,0.0
Kolar,2024-01-02,21.73,0.0
Kolar,2024-01-03,21.91,0.0
Kolar,2024-01-04,21.56,0.06
Kolar,2024-01-05,22.65,0.04
Kolar,2024-01-06,22.54,0.06
Kolar,2024-01-07,21.64,0.53
Kolar,2024-01-08,22.04,2.34
Kolar,2024-01-09,21.45,0.27
Kolar,2024-01-10,21.37,0.0
Kolar,2024-01-11,21.88,0.0
Kolar,2024-01-12,21.87,0.0
Kolar,2024-01-13,22.76,0.0
Kolar,2024-01-14,22.74,0.0
Kolar,2024-01-15,22.54,0.0
Kolar,2024-01-16,22.21,0.0
Kolar,2024-01-17,22.53,0.0
Kolar,2024-01-18,22.97,0.0
Kolar,2024-01-19,23.37,0.0
Kolar,2024-01-20,23.65,0.0
Kolar,2024-01-21,23.46,0.0
Kolar,2024-01-22,23.93,0.0
Kolar,2024-01-23,23.55,0.0
Kolar,2024-01-24,24.24,0.0
Kolar,2024-01-25,23.61,0.0
Kolar,2024-01-26,22.68,0.0
Kolar,2024-01-27,22.63,0.0
Kolar,2024-01-28,22.53,0.0
Kolar,2024-01-29,22.42,0.0
Kolar,2024-01-30,22.57,0.0
Kolar,2024-01-31,24.2,0.0
Kolar,2024-02-01,25.31,0.0
Kolar,2024-02-02,25.6,0.0
Kolar,2024-02-03,25.33,0.0
Kolar,2024-02-04,23.67,0.0
Kolar,2024-02-05,23.64,0.0
Kolar,2024-02-06,23.89,0.0
Kolar,2024-02-07,24.22,0.0
Kolar,2024-02-08,25.0,0.0
Kolar,2024-02-09,24.07,0.0
Kolar,2024-02-10,24.05,0.0
Kolar,2024-02-11,23.51,0.0
Kolar,2024-02-12,22.82,0.0
Kolar,2024-02-13,23.06,0.0
Kolar,2024-02-14,23.83,0.0
Kolar,2024-02-15,22.82,0.0
Kolar,2024-02-16,22.84,0.0
Kolar,2024-02-17,23.32,0.0
Kolar,2024-02-18,23.95,0.0
Kolar,2024-02-19,24.28,0.0
Kolar,2024-02-20,25.23,0.0
Kolar,2024-02-21,26.23,0.0
Kolar,2024-02-22,27.31,0.0
Kolar,2024-02-23,28.11,0.0
Kolar,2024-02-24,27.04,0.0
Kolar,2024-02-25,26.07,0.0
Kolar,2024-02-26,24.93,0.0
Kolar,2024-02-27,25.29,0.0
Kolar,2024-02-28,25.25,0.0
Kolar,2024-02-29,24.47,0.0
Kolar,2024-03-01,24.38,0.0
Kolar,2024-03-02,25.57,0.0
Kolar,2024-03-03,25.98,0.0
Kolar,2024-03-04,26.64,0.0
Kolar,2024-03-05,26.97,0.0
Kolar,2024-03-06,27.2,0.0
Kolar,2024-03-07,26.94,0.0
Kolar,2024-03-08,27.61,0.0
Kolar,2024-03-09,28.11,0.0
Kolar,2024-03-10,27.56,0.0
Kolar,2024-03-11,27.22,0.0
Kolar,2024-03-12,27.4,0.0
Kolar,2024-03-13,28.05,0.0
Kolar,2024-03-14,29.23,0.0
Kolar,2024-03-15,29.0,0.0
Kolar,2024-03-16,27.4,0.0
Kolar,2024-03-17,26.83,0.0
Kolar,2024-03-18,26.92,0.0
Kolar,2024-03-19,27.25,0.0
Kolar,2024-03-20,26.88,0.0
Kolar,2024-03-21,26.74,0.0
Kolar,2024-03-22,27.77,0.0
Kolar,2024-03-23,27.85,0.0
Kolar,2024-03-24,27.62,0.0
Kolar,2024-03-25,27.16,0.0
Kolar,2024-03-26,27.34,0.0
Kolar,2024-03-27,26.94,0.0
Kolar,2024-03-28,27.72,0.0
Kolar,2024-03-29,28.15,0.0
Kolar,2024-03-30,28.33,0.0
Kolar,2024-03-31,27.25,0.0
Kolar,2024-04-01,28.5,0.0
Kolar,2024-04-02,29.32,0.0
Kolar,2024-04-03,28.79,0.03
Kolar,2024-04-04,28.88,0.0
Kolar,2024-04-05,29.5,0.0
Kolar,2024-04-06,29.73,0.0
Kolar,2024-04-07,29.73,0.0
Kolar,2024-04-08,29.14,0.0
Kolar,2024-04-09,28.3,0.0
Kolar,2024-04-10,28.16,0.0
Kolar,2024-04-11,28.78,0.0
Kolar,2024-04-12,28.59,0.01
Kolar,2024-04-13,28.15,0.01
Kolar,2024-04-14,28.6,0.0
Kolar,2024-04-15,28.54,0.0
Kolar,2024-04-16,29.19,0.0
Kolar,2024-04-17,30.59,0.0
Kolar,2024-04-18,32.06,0.0
Kolar,2024-04-19,32.37,0.03
Kolar,2024-04-20,31.93,0.0
Kolar,2024-04-21,30.56,0.0
Kolar,2024-04-22,30.39,0.0
Kolar,2024-04-23,29.83,0.01
Kolar,2024-04-24,29.98,0.0
Kolar,2024-04-25,30.28,0.0
Kolar,2024-04-26,30.02,0.0
Kolar,2024-04-27,29.69,0.0
Kolar,2024-04-28,30.5,0.0
Kolar,2024-04-29,30.5,0.0
Kolar,2024-04-30,30.48,0.0
Kolar,2024-05-01,32.58,0.0
Kolar,2024-05-02,32.3,0.42
Kolar,2024-05-03,32.08,5.02
Kolar,2024-05-04,30.51,4.38
Kolar,2024-05-05,31.79,0.08
Kolar,2024-05-06,31.1,5.31
Kolar,2024-05-07,29.25,10.69
Kolar,2024-05-08,27.56,10.23
Kolar,2024-05-09,27.73,4.86
Kolar,2024-05-10,27.5,0.48
Kolar,2024-05-11,27.38,6.45
Kolar,2024-05-12,27.38,8.07
Kolar,2024-05-13,26.6,18.01
Kolar,2024-05-14,26.65,1.96
Kolar,2024-05-15,27.45,0.28
Kolar,2024-05-16,24.79,7.97
Kolar,2024-05-17,26.76,2.82
Kolar,2024-05-18,26.1,11.06
Kolar,2024-05-19,25.94,13.85
Kolar,2024-05-20,25.18,7.65
Kolar,2024-05-21,25.62,9.85
Kolar,2024-05-22,26.83,5.62
Kolar,2024-05-23,27.16,0.08
Kolar,2024-05-24,27.92,2.42
Kolar,2024-05-25,24.6,1.62
Kolar,2024-05-26,26.55,0.0
Kolar,2024-05-27,26.68,0.0
Kolar,2024-05-28,27.52,0.0
Kolar,2024-05-29,27.09,0.04
Kolar,2024-05-30,27.46,2.8
Kolar,2024-05-31,28.22,0.2
Kolar,2024-06-01,27.17,5.58
Kolar,2024-06-02,25.01,51.58
Kolar,2024-06-03,25.97,12.94
Kolar,2024-06-04,25.64,4.43
Kolar,2024-06-05,25.2,10.91
Kolar,2024-06-06,24.85,4.98
Kolar,2024-06-07,24.48,15.95
Kolar,2024-06-08,24.98,1.22
Kolar,2024-06-09,24.32,0.83
Kolar,2024-06-10,23.97,8.26
Kolar,2024-06-11,23.28,2.6
Kolar,2024-06-12,23.59,0.56
Kolar,2024-06-13,23.96,0.92
Kolar,2024-06-14,22.99,4.41
Kolar,2024-06-15,24.47,0.0
Kolar,2024-06-16,25.08,1.67
Kolar,2024-06-17,25.41,4.39
Kolar,2024-06-18,24.61,5.45
Kolar,2024-06-19,24.05,7.19
Kolar,2024-06-20,24.36,1.64
Kolar,2024-06-21,23.81,4.47
Kolar,2024-06-22,24.1,0.24
Kolar,2024-06-23,24.0,1.11
Kolar,2024-06-24,23.72,0.08
Kolar,2024-06-25,23.59,0.09
Kolar,2024-06-26,23.06,0.35
Kolar,2024-06-27,22.14,0.1
Kolar,2024-06-28,23.67,0.09
Kolar,2024-06-29,25.17,1.64
Kolar,2024-06-30,24.86,0.65
Kolar,2024-07-01,23.32,2.81
Kolar,2024-07-02,25.22,0.04
Kolar,2024-07-03,24.89,2.05
Kolar,2024-07-04,25.58,1.31
Kolar,2024-07-05,23.67,4.03
Kolar,2024-07-06,23.6,0.57
Kolar,2024-07-07,24.62,2.39
Kolar,2024-07-08,24.13,9.02
Kolar,2024-07-09,23.91,0.34
Kolar,2024-07-10,24.16,1.16
Kolar,2024-07-11,24.51,0.02
Kolar,2024-07-12,24.3,7.2
Kolar,2024-07-13,23.85,2.34
Kolar,2024-07-14,23.87,1.38
Kolar,2024-07-15,23.78,4.51
Kolar,2024-07-16,23.76,1.72
Kolar,2024-07-17,23.63,2.0
Kolar,2024-07-18,23.66,4.14
Kolar,2024-07-19,23.8,4.09
Kolar,2024-07-20,24.12,1.61
Kolar,2024-07-21,24.58,2.41
Kolar,2024-07-22,24.43,0.98
Kolar,2024-07-23,24.3,1.15
Kolar,2024-07-24,23.84,1.61
Kolar,2024-07-25,24.07,1.43
Kolar,2024-07-26,24.47,2.0
Kolar,2024-07-27,24.65,0.06
Kolar,2024-07-28,24.67,0.0
Kolar,2024-07-29,25.14,0.73
Kolar,2024-07-30,24.18,2.79
Kolar,2024-07-31,24.68,12.85
Kolar,2024-08-01,25.03,4.78
Kolar,2024-08-02,24.27,1.37
Kolar,2024-08-03,23.82,0.41
Kolar,2024-08-04,23.35,1.26
Kolar,2024-08-05,24.68,13.32
Kolar,2024-08-06,23.59,15.36
Kolar,2024-08-07,23.33,3.79
Kolar,2024-08-08,24.33,2.68
Kolar,2024-08-09,24.89,4.79
Kolar,2024-08-10,24.21,8.21
Kolar,2024-08-11,24.68,8.39
Kolar,2024-08-12,24.26,55.96
Kolar,2024-08-13,25.2,5.43
Kolar,2024-08-14,25.16,0.39
Kolar,2024-08-15,24.97,4.13
Kolar,2024-08-16,25.04,5.6
Kolar,2024-08-17,24.74,5.2
Kolar,2024-08-18,24.91,3.01
Kolar,2024-08-19,24.52,4.12
Kolar,2024-08-20,24.65,11.59
Kolar,2024-08-21,24.25,2.41
Kolar,2024-08-22,23.86,0.02
Kolar,2024-08-23,24.41,0.0
Kolar,2024-08-24,23.57,0.19
Kolar,2024-08-25,23.57,0.19
Kolar,2024-08-26,24.17,0.03
Kolar,2024-08-27,23.42,1.31
Kolar,2024-08-28,23.3,0.14
Kolar,2024-08-29,23.62,11.27
Kolar,2024-08-30,23.34,11.18
Kolar,2024-08-31,22.62,4.7
Kolar,2024-09-01,23.39,0.76
Kolar,2024-09-02,23.29,2.14
Kolar,2024-09-03,23.97,1.3
Kolar,2024-09-04,23.82,1.89
Kolar,2024-09-05,23.92,2.08
Kolar,2024-09-06,23.66,1.62
Kolar,2024-09-07,23.73,0.38
Kolar,2024-09-08,23.97,0.4
Kolar,2024-09-09,24.22,0.23
Kolar,2024-09-10,24.47,1.16
Kolar,2024-09-11,24.29,0.1
Kolar,2024-09-12,23.91,0.04
Kolar,2024-09-13,24.88,0.0
Kolar,2024-09-14,24.85,0.0
Kolar,2024-09-15,24.9,0.0
Kolar,2024-09-16,24.51,0.0
Kolar,2024-09-17,25.17,0.01
Kolar,2024-09-18,24.5,0.08
Kolar,2024-09-19,25.02,0.07
Kolar,2024-09-20,25.18,0.77
Kolar,2024-09-21,25.11,1.12
Kolar,2024-09-22,24.71,4.1
Kolar,2024-09-23,23.94,1.21
Kolar,2024-09-24,24.11,7.08
Kolar,2024-09-25,24.78,0.18
Kolar,2024-09-26,23.85,0.0
Kolar,2024-09-27,24.43,0.66
Kolar,2024-09-28,24.52,7.05
Kolar,2024-09-29,24.67,16.16
Kolar,2024-09-30,24.85,0.1
Kolar,2024-10-01,25.48,0.05
Kolar,2024-10-02,25.82,11.37
Kolar,2024-10-03,24.42,11.88
Kolar,2024-10-04,23.8,13.47
Kolar,2024-10-05,23.4,12.72
Kolar,2024-10-06,21.87,10.61
Kolar,2024-10-07,22.9,0.56
Kolar,2024-10-08,23.73,6.29
Kolar,2024-10-09,23.79,1.99
Kolar,2024-10-10,23.43,2.82
Kolar,2024-10-11,23.66,1.7
Kolar,2024-10-12,22.66,7.61
Kolar,2024-10-13,22.75,4.21
Kolar,2024-10-14,22.62,8.52
Kolar,2024-10-15,22.26,21.24
Kolar,2024-10-16,22.11,24.79
Kolar,2024-10-17,24.2,1.49
Kolar,2024-10-18,23.15,7.3
Kolar,2024-10-19,22.85,13.88
Kolar,2024-10-20,23.59,13.34
Kolar,2024-10-21,23.6,25.87
Kolar,2024-10-22,23.85,7.79
Kolar,2024-10-23,24.04,21.05
Kolar,2024-10-24,23.2,2.84
Kolar,2024-10-25,23.37,0.95
Kolar,2024-10-26,22.51,0.0
Kolar,2024-10-27,22.34,0.08
Kolar,2024-10-28,22.94,0.03
Kolar,2024-10-29,23.63,0.0
Kolar,2024-10-30,23.81,1.42
Kolar,2024-10-31,23.68,4.65
Kolar,2024-11-01,23.32,0.3
Kolar,2024-11-02,23.02,1.61
Kolar,2024-11-03,22.46,0.4
Kolar,2024-11-04,22.36,0.18
Kolar,2024-11-05,21.57,1.34
Kolar,2024-11-06,22.06,0.01
Kolar,2024-11-07,23.04,0.08
Kolar,2024-11-08,22.62,0.0
Kolar,2024-11-09,21.92,0.0
Kolar,2024-11-10,21.29,0.01
Kolar,2024-11-11,21.19,0.0
Kolar,2024-11-12,21.83,1.92
Kolar,2024-11-13,22.36,0.63
Kolar,2024-11-14,22.75,4.47
Kolar,2024-11-15,22.31,4.7
Kolar,2024-11-16,22.39,4.41
Kolar,2024-11-17,22.26,0.19
Kolar,2024-11-18,22.2,0.01
Kolar,2024-11-19,21.68,0.0
Kolar,2024-11-20,20.93,0.0
Kolar,2024-11-21,20.86,0.0
Kolar,2024-11-22,20.91,0.0
Kolar,2024-11-23,21.07,0.0
Kolar,2024-11-24,21.7,0.0
Kolar,2024-11-25,20.61,0.0
Kolar,2024-11-26,20.24,1.67
Kolar,2024-11-27,21.02,0.13
Kolar,2024-11-28,20.89,0.01
Kolar,2024-11-29,21.8,0.12
Kolar,2024-11-30,22.05,13.67
Kolar,2024-12-01,21.83,22.48
Kolar,2024-12-02,22.41,40.12
Kolar,2024-12-03,23.22,11.06
Kolar,2024-12-04,22.44,2.67
Kolar,2024-12-05,22.58,0.54
Kolar,2024-12-06,22.26,0.63
Kolar,2024-12-07,22.39,0.03
Kolar,2024-12-08,21.81,0.01
Kolar,2024-12-09,22.14,0.0
Kolar,2024-12-10,22.16,0.0
Kolar,2024-12-11,21.86,0.14
Kolar,2024-12-12,21.13,12.22
Kolar,2024-12-13,21.13,0.53
Kolar,2024-12-14,20.3,0.16
Kolar,2024-12-15,18.48,0.0
Kolar,2024-12-16,17.49,0.0
Kolar,2024-12-17,19.61,0.3
Kolar,2024-12-18,20.99,0.19
Kolar,2024-12-19,22.53,0.13
Kolar,2024-12-20,22.93,0.04
Kolar,2024-12-21,23.47,0.37
Kolar,2024-12-22,22.59,0.49
Kolar,2024-12-23,21.78,0.0
Kolar,2024-12-24,21.58,0.02
Kolar,2024-12-25,22.04,0.29
Kolar,2024-12-26,22.22,5.43
Kolar,2024-12-27,21.52,3.13
Kolar,2024-12-28,20.99,0.15
Kolar,2024-12-29,20.88,0.01
Kolar,2024-12-30,20.82,0.01
Kolar,2024-12-31,20.61,0.0
Kolar,2025-01-01,20.12,0.0
Kolar,2025-01-02,20.0,0.0
Kolar,2025-01-03,19.53,0.0
Kolar,2025-01-04,18.74,0.0
Kolar,2025-01-05,18.62,0.0
Kolar,2025-01-06,18.84,0.0
Kolar,2025-01-07,19.53,0.0
Kolar,2025-01-08,18.94,0.0
Kolar,2025-01-09,19.08,0.0
Kolar,2025-01-10,20.25,0.0
Kolar,2025-01-11,21.2,0.0
Kolar,2025-01-12,21.29,0.01
Kolar,2025-01-13,22.14,0.99
Kolar,2025-01-14,21.6,0.15
Kolar,2025-01-15,20.64,0.0
Kolar,2025-01-16,20.62,0.0
Kolar,2025-01-17,20.49,0.0
Kolar,2025-01-18,20.54,1.24
Kolar,2025-01-19,21.08,3.71
Kolar,2025-01-20,20.97,0.05
Kolar,2025-01-21,20.02,0.0
Kolar,2025-01-22,20.66,0.0
Kolar,2025-01-23,21.28,0.0
Kolar,2025-01-24,19.89,0.0
Kolar,2025-01-25,19.54,0.0
Kolar,2025-01-26,19.05,0.0
Kolar,2025-01-27,19.92,0.0
Kolar,2025-01-28,20.3,0.0
Kolar,2025-01-29,20.46,0.0
Kolar,2025-01-30,20.99,0.0
Kolar,2025-01-31,23.38,0.0
Kolar,2025-02-01,23.27,0.0
Kolar,2025-02-02,22.5,0.0
Kolar,2025-02-03,21.0,0.0
Kolar,2025-02-04,21.61,0.0
Kolar,2025-02-05,21.79,0.0
Kolar,2025-02-06,21.1,0.0
Kolar,2025-02-07,21.59,0.0
Kolar,2025-02-08,22.37,0.0
Kolar,2025-02-09,22.08,0.0
Kolar,2025-02-10,22.18,0.0
Kolar,2025-02-11,22.32,0.0
Kolar,2025-02-12,22.9,0.0
Kolar,2025-02-13,23.43,0.0
Kolar,2025-02-14,23.92,0.0
Kolar,2025-02-15,23.88,0.0
Kolar,2025-02-16,23.49,0.0
Kolar,2025-02-17,23.82,0.0
Kolar,2025-02-18,23.9,0.0
Kolar,2025-02-19,24.4,0.0
Kolar,2025-02-20,24.44,0.0
Kolar,2025-02-21,24.42,0.0
Kolar,2025-02-22,24.61,0.0
Kolar,2025-02-23,24.6,0.0
Kolar,2025-02-24,23.62,0.0
Kolar,2025-02-25,23.53,0.0
Kolar,2025-02-26,23.68,0.0
Kolar,2025-02-27,23.25,0.0
Kolar,2025-02-28,23.83,0.0
Kolar,2025-03-01,24.97,0.01
Tumkur,2023-01-01,19.5,0.0
Tumkur,2023-01-02,19.33,0.0
Tumkur,2023-01-03,19.47,0.0
Tumkur,2023-01-04,19.67,0.0
Tumkur,2023-01-05,19.62,0.0
Tumkur,2023-01-06,19.66,0.0
Tumkur,2023-01-07,19.98,0.0
Tumkur,2023-01-08,19.74,0.0
Tumkur,2023-01-09,18.29,0.0
Tumkur,2023-01-10,17.6,0.0
Tumkur,2023-01-11,18.07,0.0
Tumkur,2023-01-12,18.93,0.0
Tumkur,2023-01-13,19.02,0.0
Tumkur,2023-01-14,18.94,0.0
Tumkur,2023-01-15,18.85,0.0
Tumkur,2023-01-16,19.06,0.0
Tumkur,2023-01-17,19.21,0.0
Tumkur,2023-01-18,19.35,0.0
Tumkur,2023-01-19,19.16,0.0
Tumkur,2023-01-20,18.93,0.0
Tumkur,2023-01-21,19.94,0.0
Tumkur,2023-01-22,19.62,0.0
Tumkur,2023-01-23,21.2,0.0
Tumkur,2023-01-24,22.36,0.24
Tumkur,2023-01-25,21.43,0.17
Tumkur,2023-01-26,20.61,0.0
Tumkur,2023-01-27,20.25,0.0
Tumkur,2023-01-28,19.88,0.0
Tumkur,2023-01-29,20.32,0.0
Tumkur,2023-01-30,21.69,0.0
Tumkur,2023-01-31,22.08,0.0
Tumkur,2023-02-01,21.87,0.0
Tumkur,2023-02-02,21.75,0.0
Tumkur,2023-02-03,22.62,0.0
Tumkur,2023-02-04,23.43,0.02
Tumkur,2023-02-05,23.0,0.0
Tumkur,2023-02-06,22.71,0.0
Tumkur,2023-02-07,22.35,0.0
Tumkur,2023-02-08,23.12,0.0
Tumkur,2023-02-09,22.87,0.0
Tumkur,2023-02-10,22.84,0.0
Tumkur,2023-02-11,23.2,0.0
Tumkur,2023-02-12,23.66,0.0
Tumkur,2023-02-13,23.23,0.0
Tumkur,2023-02-14,22.81,0.0
Tumkur,2023-02-15,22.68,0.0
Tumkur,2023-02-16,23.18,0.0
Tumkur,2023-02-17,23.16,0.0
Tumkur,2023-02-18,23.45,0.0
Tumkur,2023-02-19,23.92,0.0
Tumkur,2023-02-20,24.31,0.0
Tumkur,2023-02-21,24.42,0.0
Tumkur,2023-02-22,24.29,0.0
Tumkur,2023-02-23,23.99,0.0
Tumkur,2023-02-24,23.59,0.0
Tumkur,2023-02-25,24.2,0.0
Tumkur,2023-02-26,24.41,0.0
Tumkur,2023-02-27,23.79,0.0
Tumkur,2023-02-28,24.26,0.0
Tumkur,2023-03-01,25.41,0.0
Tumkur,2023-03-02,24.46,0.0
Tumkur,2023-03-03,24.23,0.0
Tumkur,2023-03-04,24.63,0.0
Tumkur,2023-03-05,24.86,0.0
Tumkur,2023-03-06,25.2,0.0
Tumkur,2023-03-07,25.03,0.0
Tumkur,2023-03-08,24.56,0.0
Tumkur,2023-03-09,23.64,0.0
Tumkur,2023-03-10,24.76,0.0
Tumkur,2023-03-11,25.37,0.0
Tumkur,2023-03-12,25.57,0.0
Tumkur,2023-03-13,26.61,0.0
Tumkur,2023-03-14,27.35,0.0
Tumkur,2023-03-15,28.31,0.01
Tumkur,2023-03-16,27.83,2.35
Tumkur,2023-03-17,26.62,8.7
Tumkur,2023-03-18,26.09,5.06
Tumkur,2023-03-19,25.11,1.71
Tumkur,2023-03-20,24.69,0.02
Tumkur,2023-03-21,24.03,0.0
Tumkur,2023-03-22,25.27,0.0
Tumkur,2023-03-23,27.79,0.0
Tumkur,2023-03-24,28.76,0.09
Tumkur,2023-03-25,27.41,0.22
Tumkur,2023-03-26,27.14,0.28
Tumkur,2023-03-27,28.06,0.03
Tumkur,2023-03-28,28.53,0.0
Tumkur,2023-03-29,29.6,0.3
Tumkur,2023-03-30,28.31,0.8
Tumkur,2023-03-31,28.25,0.03
Tumkur,2023-04-01,28.88,0.02
Tumkur,2023-04-02,29.41,0.0
Tumkur,2023-04-03,28.18,0.13
Tumkur,2023-04-04,27.98,5.58
Tumkur,2023-04-05,28.67,0.88
Tumkur,2023-04-06,28.93,0.35
Tumkur,2023-04-07,28.72,0.03
Tumkur,2023-04-08,28.41,0.0
Tumkur,2023-04-09,28.34,0.0
Tumkur,2023-04-10,28.99,0.0
Tumkur,2023-04-11,28.89,0.0
Tumkur,2023-04-12,28.35,0.0
Tumkur,2023-04-13,29.82,0.0
Tumkur,2023-04-14,29.82,0.0
Tumkur,2023-04-15,29.24,0.0
Tumkur,2023-04-16,28.25,0.0
Tumkur,2023-04-17,28.88,0.0
Tumkur,2023-04-18,29.67,0.0
Tumkur,2023-04-19,30.1,0.0
Tumkur,2023-04-20,30.33,0.03
Tumkur,2023-04-21,30.15,0.92
Tumkur,2023-04-22,30.81,1.61
Tumkur,2023-04-23,30.8,0.16
Tumkur,2023-04-24,30.22,0.06
Tumkur,2023-04-25,29.21,0.7
Tumkur,2023-04-26,28.64,0.87
Tumkur,2023-04-27,29.68,0.07
Tumkur,2023-04-28,30.76,0.18
Tumkur,2023-04-29,28.94,16.95
Tumkur,2023-04-30,25.85,5.68
Tumkur,2023-05-01,25.43,18.57
Tumkur,2023-05-02,26.1,0.94
Tumkur,2023-05-03,26.06,3.88
Tumkur,2023-05-04,26.24,8.42
Tumkur,2023-05-05,23.74,6.19
Tumkur,2023-05-06,25.78,3.87
Tumkur,2023-05-07,25.5,9.86
Tumkur,2023-05-08,25.33,4.0
Tumkur,2023-05-09,27.11,0.32
Tumkur,2023-05-10,27.89,0.04
Tumkur,2023-05-11,28.89,0.15
Tumkur,2023-05-12,28.26,6.62
Tumkur,2023-05-13,27.85,0.01
Tumkur,2023-05-14,28.6,0.0
Tumkur,2023-05-15,28.72,0.0
Tumkur,2023-05-16,28.92,0.34
Tumkur,2023-05-17,29.57,0.49
Tumkur,2023-05-18,29.67,0.0
Tumkur,2023-05-19,29.03,0.0
Tumkur,2023-05-20,28.75,2.28
Tumkur,2023-05-21,28.58,10.05
Tumkur,2023-05-22,28.59,5.52
Tumkur,2023-05-23,27.07,7.96
Tumkur,2023-05-24,26.68,3.81
Tumkur,2023-05-25,27.34,2.65
Tumkur,2023-05-26,27.55,0.37
Tumkur,2023-05-27,27.48,0.05
Tumkur,2023-05-28,28.21,0.01
Tumkur,2023-05-29,28.31,0.6
Tumkur,2023-05-30,26.32,13.21
Tumkur,2023-05-31,26.73,11.75
Tumkur,2023-06-01,26.06,4.14
Tumkur,2023-06-02,27.15,0.64
Tumkur,2023-06-03,28.26,0.0
Tumkur,2023-06-04,28.14,0.01
Tumkur,2023-06-05,26.64,0.0
Tumkur,2023-06-06,27.59,1.35
Tumkur,2023-06-07,27.05,1.76
Tumkur,2023-06-08,25.86,3.28
Tumkur,2023-06-09,26.13,2.64
Tumkur,2023-06-10,26.32,0.06
Tumkur,2023-06-11,26.49,0.07
Tumkur,2023-06-12,26.24,16.97
Tumkur,2023-06-13,26.71,0.14
Tumkur,2023-06-14,26.83,0.46
Tumkur,2023-06-15,27.27,0.09
Tumkur,2023-06-16,27.59,0.0
Tumkur,2023-06-17,27.36,0.17
Tumkur,2023-06-18,26.02,0.04
Tumkur,2023-06-19,25.83,0.92
Tumkur,2023-06-20,25.66,8.78
Tumkur,2023-06-21,25.87,11.43
Tumkur,2023-06-22,25.02,3.95
Tumkur,2023-06-23,24.59,0.56
Tumkur,2023-06-24,24.3,0.55
Tumkur,2023-06-25,24.36,4.12
Tumkur,2023-06-26,24.6,1.02
Tumkur,2023-06-27,24.5,0.97
Tumkur,2023-06-28,24.6,0.08
Tumkur,2023-06-29,23.73,9.51
Tumkur,2023-06-30,25.08,0.44
Tumkur,2023-07-01,25.21,1.13
Tumkur,2023-07-02,24.22,4.17
Tumkur,2023-07-03,24.69,2.11
Tumkur,2023-07-04,24.2,3.99
Tumkur,2023-07-05,23.57,0.88
Tumkur,2023-07-06,23.91,0.72
Tumkur,2023-07-07,24.83,3.11
Tumkur,2023-07-08,24.47,2.86
Tumkur,2023-07-09,24.3,1.5
Tumkur,2023-07-10,24.07,5.35
Tumkur,2023-07-11,24.09,4.4
Tumkur,2023-07-12,24.44,3.28
Tumkur,2023-07-13,24.26,7.73
Tumkur,2023-07-14,24.24,0.64
Tumkur,2023-07-15,24.79,4.4
Tumkur,2023-07-16,24.71,0.59
Tumkur,2023-07-17,25.28,0.85
Tumkur,2023-07-18,25.07,0.22
Tumkur,2023-07-19,24.34,0.94
Tumkur,2023-07-20,25.16,1.25
Tumkur,2023-07-21,24.78,1.46
Tumkur,2023-07-22,24.48,3.36
Tumkur,2023-07-23,24.51,1.51
Tumkur,2023-07-24,23.5,10.51
Tumkur,2023-07-25,22.72,8.49
Tumkur,2023-07-26,22.64,9.53
Tumkur,2023-07-27,22.37,2.14
Tumkur,2023-07-28,24.01,0.65
Tumkur,2023-07-29,24.41,0.37
Tumkur,2023-07-30,24.84,0.03
Tumkur,2023-07-31,25.27,0.03
Tumkur,2023-08-01,24.9,0.0
Tumkur,2023-08-02,24.85,0.0
Tumkur,2023-08-03,25.22,0.0
Tumkur,2023-08-04,25.21,0.04
Tumkur,2023-08-05,24.44,0.04
Tumkur,2023-08-06,24.97,0.83
Tumkur,2023-08-07,25.39,0.22
Tumkur,2023-08-08,25.43,0.15
Tumkur,2023-08-09,25.45,0.98
Tumkur,2023-08-10,25.04,4.76
Tumkur,2023-08-11,24.97,2.77
Tumkur,2023-08-12,25.17,0.07
Tumkur,2023-08-13,25.5,0.05
Tumkur,2023-08-14,24.44,0.04
Tumkur,2023-08-15,25.61,0.0
Tumkur,2023-08-16,25.91,0.01
Tumkur,2023-08-17,25.65,0.0
Tumkur,2023-08-18,24.47,0.06
Tumkur,2023-08-19,25.01,5.44
Tumkur,2023-08-20,25.68,0.13
Tumkur,2023-08-21,26.02,0.13
Tumkur,2023-08-22,25.89,0.81
Tumkur,2023-08-23,26.55,0.24
Tumkur,2023-08-24,25.65,0.0
Tumkur,2023-08-25,26.69,0.0
Tumkur,2023-08-26,25.41,1.45
Tumkur,2023-08-27,26.17,1.55
Tumkur,2023-08-28,26.44,0.11
Tumkur,2023-08-29,26.49,0.09
Tumkur,2023-08-30,27.01,0.83
Tumkur,2023-08-31,24.87,26.08
Tumkur,2023-09-01,24.58,11.16
Tumkur,2023-09-02,23.73,10.6
Tumkur,2023-09-03,23.23,5.06
Tumkur,2023-09-04,22.09,5.42
Tumkur,2023-09-05,23.28,10.42
Tumkur,2023-09-06,23.46,3.87
Tumkur,2023-09-07,24.24,1.63
Tumkur,2023-09-08,24.13,0.68
Tumkur,2023-09-09,23.96,0.04
Tumkur,2023-09-10,24.53,0.31
Tumkur,2023-09-11,23.49,0.11
Tumkur,2023-09-12,24.62,0.39
Tumkur,2023-09-13,24.79,5.35
Tumkur,2023-09-14,24.78,0.39
Tumkur,2023-09-15,24.04,1.04
Tumkur,2023-09-16,24.89,11.47
Tumkur,2023-09-17,25.0,4.02
Tumkur,2023-09-18,24.97,9.67
Tumkur,2023-09-19,25.07,1.48
Tumkur,2023-09-20,24.57,2.51
Tumkur,2023-09-21,23.19,7.53
Tumkur,2023-09-22,24.2,0.93
Tumkur,2023-09-23,23.73,4.29
Tumkur,2023-09-24,23.29,9.89
Tumkur,2023-09-25,22.29,8.61
Tumkur,2023-09-26,23.6,4.61
Tumkur,2023-09-27,24.01,0.36
Tumkur,2023-09-28,22.93,3.35
Tumkur,2023-09-29,24.05,0.89
Tumkur,2023-09-30,23.48,0.37
Tumkur,2023-10-01,24.35,0.36
Tumkur,2023-10-02,24.54,0.07
Tumkur,2023-10-03,24.54,0.0
Tumkur,2023-10-04,24.23,0.0
Tumkur,2023-10-05,24.17,0.0
Tumkur,2023-10-06,24.03,0.01
Tumkur,2023-10-07,25.31,0.04
Tumkur,2023-10-08,25.54,1.14
Tumkur,2023-10-09,24.92,15.44
Tumkur,2023-10-10,24.69,11.58
Tumkur,2023-10-11,24.66,5.07
Tumkur,2023-10-12,24.39,0.64
Tumkur,2023-10-13,23.93,0.0
Tumkur,2023-10-14,23.49,0.27
Tumkur,2023-10-15,24.66,0.82
Tumkur,2023-10-16,24.46,0.53
Tumkur,2023-10-17,25.26,0.38
Tumkur,2023-10-18,24.7,0.65
Tumkur,2023-10-19,24.76,0.0
Tumkur,2023-10-20,24.92,0.0
Tumkur,2023-10-21,24.98,0.0
Tumkur,2023-10-22,25.0,0.0
Tumkur,2023-10-23,24.02,0.0
Tumkur,2023-10-24,23.19,0.0
Tumkur,2023-10-25,23.11,0.0
Tumkur,2023-10-26,23.15,0.0
Tumkur,2023-10-27,23.84,0.0
Tumkur,2023-10-28,25.35,0.05
Tumkur,2023-10-29,25.16,0.03
Tumkur,2023-10-30,23.78,2.79
Tumkur,2023-10-31,23.83,0.55
Tumkur,2023-11-01,24.98,0.01
Tumkur,2023-11-02,25.54,0.01
Tumkur,2023-11-03,26.12,0.83
Tumkur,2023-11-04,25.04,6.84
Tumkur,2023-11-05,24.66,5.41
Tumkur,2023-11-06,23.48,22.0
Tumkur,2023-11-07,23.49,12.62
Tumkur,2023-11-08,24.03,8.01
Tumkur,2023-11-09,23.28,2.78
Tumkur,2023-11-10,23.53,0.08
Tumkur,2023-11-11,23.6,0.0
Tumkur,2023-11-12,22.57,0.0
Tumkur,2023-11-13,22.52,0.0
Tumkur,2023-11-14,21.75,0.0
Tumkur,2023-11-15,22.36,0.0
Tumkur,2023-11-16,23.66,0.0
Tumkur,2023-11-17,24.47,0.0
Tumkur,2023-11-18,24.96,0.0
Tumkur,2023-11-19,24.72,0.0
Tumkur,2023-11-20,24.02,0.0
Tumkur,2023-11-21,23.9,0.11
Tumkur,2023-11-22,24.41,2.96
Tumkur,2023-11-23,24.08,1.43
Tumkur,2023-11-24,24.55,0.77
Tumkur,2023-11-25,23.4,0.54
Tumkur,2023-11-26,23.74,0.04
Tumkur,2023-11-27,23.89,0.04
Tumkur,2023-11-28,24.42,0.1
Tumkur,2023-11-29,24.0,1.14
Tumkur,2023-11-30,24.03,0.7
Tumkur,2023-12-01,24.13,0.28
Tumkur,2023-12-02,23.53,0.7
Tumkur,2023-12-03,23.91,0.98
Tumkur,2023-12-04,23.37,2.24
Tumkur,2023-12-05,23.35,0.82
Tumkur,2023-12-06,25.04,0.82
Tumkur,2023-12-07,25.21,0.61
Tumkur,2023-12-08,23.75,0.85
Tumkur,2023-12-09,21.66,1.33
Tumkur,2023-12-10,23.72,0.06
Tumkur,2023-12-11,23.08,2.11
Tumkur,2023-12-12,22.4,0.0
Tumkur,2023-12-13,20.94,0.0
Tumkur,2023-12-14,20.76,0.0
Tumkur,2023-12-15,22.47,0.0
Tumkur,2023-12-16,24.31,0.0
Tumkur,2023-12-17,23.84,0.02
Tumkur,2023-12-18,22.32,0.02
Tumkur,2023-12-19,22.45,0.0
Tumkur,2023-12-20,22.5,0.0
Tumkur,2023-12-21,23.13,0.0
Tumkur,2023-12-22,22.77,0.0
Tumkur,2023-12-23,21.82,0.0
Tumkur,2023-12-24,22.21,0.0
Tumkur,2023-12-25,23.43,0.0
Tumkur,2023-12-26,22.33,0.0
Tumkur,2023-12-27,22.11,0.0
Tumkur,2023-12-28,22.86,0.0
Tumkur,2023-12-29,23.68,0.0
Tumkur,2023-12-30,23.72,0.0
Tumkur,2023-12-31,22.47,0.0
Tumkur,2024-01-01,23.48,0.0
Tumkur,2024-01-02,23.89,0.0
Tumkur,2024-01-03,23.37,0.07
Tumkur,2024-01-04,22.3,0.81
Tumkur,2024-01-05,23.99,0.66
Tumkur,2024-01-06,22.45,1.16
Tumkur,2024-01-07,23.13,0.21
Tumkur,2024-01-08,23.22,1.05
Tumkur,2024-01-09,23.88,0.19
Tumkur,2024-01-10,23.86,0.01
Tumkur,2024-01-11,23.78,0.0
Tumkur,2024-01-12,23.39,0.0
Tumkur,2024-01-13,24.1,0.0
Tumkur,2024-01-14,23.78,0.0
Tumkur,2024-01-15,23.61,0.0
Tumkur,2024-01-16,23.55,0.0
Tumkur,2024-01-17,23.99,0.0
Tumkur,2024-01-18,24.61,0.0
Tumkur,2024-01-19,25.21,0.0
Tumkur,2024-01-20,25.35,0.0
Tumkur,2024-01-21,25.46,0.0
Tumkur,2024-01-22,25.95,0.0
Tumkur,2024-01-23,25.14,0.0
Tumkur,2024-01-24,24.76,0.0
Tumkur,2024-01-25,25.34,0.0
Tumkur,2024-01-26,24.43,0.0
Tumkur,2024-01-27,24.06,0.0
Tumkur,2024-01-28,23.8,0.0
Tumkur,2024-01-29,23.71,0.0
Tumkur,2024-01-30,23.48,0.0
Tumkur,2024-01-31,24.49,0.0
Tumkur,2024-02-01,24.78,0.0
Tumkur,2024-02-02,25.28,0.0
Tumkur,2024-02-03,26.81,0.0
Tumkur,2024-02-04,25.88,0.0
Tumkur,2024-02-05,25.17,0.0
Tumkur,2024-02-06,25.64,0.0
Tumkur,2024-02-07,25.68,0.0
Tumkur,2024-02-08,26.19,0.0
Tumkur,2024-02-09,26.28,0.0
Tumkur,2024-02-10,25.72,0.0
Tumkur,2024-02-11,25.46,0.0
Tumkur,2024-02-12,25.08,0.0
Tumkur,2024-02-13,24.59,0.0
Tumkur,2024-02-14,26.0,0.0
Tumkur,2024-02-15,26.12,0.0
Tumkur,2024-02-16,25.39,0.0
Tumkur,2024-02-17,25.39,0.0
Tumkur,2024-02-18,25.61,0.0
Tumkur,2024-02-19,26.23,0.0
Tumkur,2024-02-20,27.5,0.0
Tumkur,2024-02-21,27.47,0.0
Tumkur,2024-02-22,26.11,0.0
Tumkur,2024-02-23,26.61,0.0
Tumkur,2024-02-24,27.54,0.0
Tumkur,2024-02-25,28.19,0.0
Tumkur,2024-02-26,27.32,0.0
Tumkur,2024-02-27,27.31,0.0
Tumkur,2024-02-28,27.14,0.0
Tumkur,2024-02-29,26.52,0.0
Tumkur,2024-03-01,26.48,0.0
Tumkur,2024-03-02,27.3,0.0
Tumkur,2024-03-03,28.09,0.0
Tumkur,2024-03-04,29.4,0.0
Tumkur,2024-03-05,29.54,0.0
Tumkur,2024-03-06,29.64,0.0
Tumkur,2024-03-07,29.27,0.0
Tumkur,2024-03-08,29.02,0.0
Tumkur,2024-03-09,30.25,0.0
Tumkur,2024-03-10,30.52,0.0
Tumkur,2024-03-11,29.82,0.0
Tumkur,2024-03-12,29.19,0.0
Tumkur,2024-03-13,29.78,0.0
Tumkur,2024-03-14,29.8,0.0
Tumkur,2024-03-15,30.23,0.0
Tumkur,2024-03-16,30.53,0.0
Tumkur,2024-03-17,29.27,0.0
Tumkur,2024-03-18,29.46,0.0
Tumkur,2024-03-19,30.14,0.0
Tumkur,2024-03-20,29.41,0.0
Tumkur,2024-03-21,28.74,0.0
Tumkur,2024-03-22,29.02,0.0
Tumkur,2024-03-23,29.87,0.0
Tumkur,2024-03-24,30.2,0.0
Tumkur,2024-03-25,29.73,0.0
Tumkur,2024-03-26,29.98,0.0
Tumkur,2024-03-27,29.75,0.0
Tumkur,2024-03-28,29.62,0.0
Tumkur,2024-03-29,30.49,0.0
Tumkur,2024-03-30,30.64,0.0
Tumkur,2024-03-31,29.37,0.0
Tumkur,2024-04-01,29.41,0.0
Tumkur,2024-04-02,30.49,0.0
Tumkur,2024-04-03,30.74,0.0
Tumkur,2024-04-04,30.98,0.0
Tumkur,2024-04-05,31.52,0.0
Tumkur,2024-04-06,31.9,0.0
Tumkur,2024-04-07,31.65,0.0
Tumkur,2024-04-08,31.08,0.0
Tumkur,2024-04-09,30.61,0.0
Tumkur,2024-04-10,30.75,0.0
Tumkur,2024-04-11,30.84,0.0
Tumkur,2024-04-12,31.23,0.02
Tumkur,2024-04-13,31.13,0.63
Tumkur,2024-04-14,31.05,0.07
Tumkur,2024-04-15,31.13,0.0
Tumkur,2024-04-16,31.36,0.0
Tumkur,2024-04-17,32.16,0.0
Tumkur,2024-04-18,33.03,0.0
Tumkur,2024-04-19,32.32,0.25
Tumkur,2024-04-20,31.73,0.33
Tumkur,2024-04-21,32.62,0.0
Tumkur,2024-04-22,32.38,0.08
Tumkur,2024-04-23,32.07,0.07
Tumkur,2024-04-24,31.23,0.0
Tumkur,2024-04-25,32.26,0.0
Tumkur,2024-04-26,32.03,0.0
Tumkur,2024-04-27,31.66,0.0
Tumkur,2024-04-28,32.35,0.0
Tumkur,2024-04-29,32.39,0.0
Tumkur,2024-04-30,32.39,0.0
Tumkur,2024-05-01,32.36,0.0
Tumkur,2024-05-02,32.79,0.06
Tumkur,2024-05-03,33.29,4.67
Tumkur,2024-05-04,31.98,1.42
Tumkur,2024-05-05,31.54,0.02
Tumkur,2024-05-06,31.42,2.57
Tumkur,2024-05-07,29.46,10.99
Tumkur,2024-05-08,28.75,7.18
Tumkur,2024-05-09,29.33,4.26
Tumkur,2024-05-10,28.55,1.7
Tumkur,2024-05-11,28.71,5.26
Tumkur,2024-05-12,28.2,7.38
Tumkur,2024-05-13,27.51,17.15
Tumkur,2024-05-14,26.94,1.71
Tumkur,2024-05-15,27.86,0.05
Tumkur,2024-05-16,27.41,6.59
Tumkur,2024-05-17,27.21,2.41
Tumkur,2024-05-18,27.15,10.33
Tumkur,2024-05-19,25.37,19.33
Tumkur,2024-05-20,24.57,14.17
Tumkur,2024-05-21,25.93,6.02
Tumkur,2024-05-22,27.34,3.74
Tumkur,2024-05-23,27.91,0.29
Tumkur,2024-05-24,26.59,6.45
Tumkur,2024-05-25,24.33,4.66
Tumkur,2024-05-26,25.45,0.1
Tumkur,2024-05-27,26.29,0.01
Tumkur,2024-05-28,26.63,0.05
Tumkur,2024-05-29,26.28,0.02
Tumkur,2024-05-30,27.09,0.28
Tumkur,2024-05-31,27.71,0.18
Tumkur,2024-06-01,26.8,6.66
Tumkur,2024-06-02,25.74,52.86
Tumkur,2024-06-03,25.85,9.8
Tumkur,2024-06-04,25.21,1.84
Tumkur,2024-06-05,25.32,8.61
Tumkur,2024-06-06,25.28,6.41
Tumkur,2024-06-07,24.28,13.17
Tumkur,2024-06-08,24.91,0.81
Tumkur,2024-06-09,24.79,3.66
Tumkur,2024-06-10,24.19,6.55
Tumkur,2024-06-11,22.96,2.52
Tumkur,2024-06-12,23.24,1.58
Tumkur,2024-06-13,23.53,0.33
Tumkur,2024-06-14,23.47,4.43
Tumkur,2024-06-15,24.7,0.0
Tumkur,2024-06-16,25.25,1.09
Tumkur,2024-06-17,25.01,4.97
Tumkur,2024-06-18,24.47,3.17
Tumkur,2024-06-19,24.23,0.82
Tumkur,2024-06-20,24.88,1.73
Tumkur,2024-06-21,24.34,2.46
Tumkur,2024-06-22,24.06,0.03
Tumkur,2024-06-23,23.8,0.88
Tumkur,2024-06-24,24.2,0.42
Tumkur,2024-06-25,23.55,0.13
Tumkur,2024-06-26,22.85,0.75
Tumkur,2024-06-27,22.24,0.41
Tumkur,2024-06-28,23.86,0.08
Tumkur,2024-06-29,24.58,1.17
Tumkur,2024-06-30,24.25,2.15
Tumkur,2024-07-01,23.11,3.22
Tumkur,2024-07-02,24.83,0.03
Tumkur,2024-07-03,24.69,1.83
Tumkur,2024-07-04,25.04,0.37
Tumkur,2024-07-05,23.28,3.67
Tumkur,2024-07-06,24.21,1.16
Tumkur,2024-07-07,24.03,2.67
Tumkur,2024-07-08,23.42,8.04
Tumkur,2024-07-09,23.97,0.49
Tumkur,2024-07-10,24.2,1.29
Tumkur,2024-07-11,24.54,0.22
Tumkur,2024-07-12,23.53,2.56
Tumkur,2024-07-13,23.54,3.52
Tumkur,2024-07-14,23.78,1.87
Tumkur,2024-07-15,23.73,4.74
Tumkur,2024-07-16,24.21,4.39
Tumkur,2024-07-17,23.98,4.14
Tumkur,2024-07-18,24.19,3.59
Tumkur,2024-07-19,23.7,5.48
Tumkur,2024-07-20,23.72,0.74
Tumkur,2024-07-21,24.22,1.64
Tumkur,2024-07-22,23.93,1.31
Tumkur,2024-07-23,23.67,2.07
Tumkur,2024-07-24,23.68,2.39
Tumkur,2024-07-25,24.25,1.34
Tumkur,2024-07-26,24.45,4.14
Tumkur,2024-07-27,24.28,0.14
Tumkur,2024-07-28,24.75,0.01
Tumkur,2024-07-29,25.28,1.27
Tumkur,2024-07-30,24.21,3.42
Tumkur,2024-07-31,24.25,9.79
Tumkur,2024-08-01,24.45,5.53
Tumkur,2024-08-02,23.94,1.36
Tumkur,2024-08-03,22.99,0.61
Tumkur,2024-08-04,23.01,0.39
Tumkur,2024-08-05,24.31,12.17
Tumkur,2024-08-06,23.99,6.02
Tumkur,2024-08-07,23.26,3.12
Tumkur,2024-08-08,23.84,5.44
Tumkur,2024-08-09,24.62,2.83
Tumkur,2024-08-10,24.37,1.22
Tumkur,2024-08-11,24.19,4.75
Tumkur,2024-08-12,24.08,40.69
Tumkur,2024-08-13,25.52,8.39
Tumkur,2024-08-14,25.75,4.54
Tumkur,2024-08-15,26.72,3.08
Tumkur,2024-08-16,26.24,10.52
Tumkur,2024-08-17,25.47,11.22
Tumkur,2024-08-18,25.86,4.96
Tumkur,2024-08-19,25.62,9.83
Tumkur,2024-08-20,25.47,14.49
Tumkur,2024-08-21,24.42,6.93
Tumkur,2024-08-22,24.07,0.11
Tumkur,2024-08-23,24.14,0.05
Tumkur,2024-08-24,23.11,0.06
Tumkur,2024-08-25,23.24,0.03
Tumkur,2024-08-26,23.97,0.06
Tumkur,2024-08-27,23.5,0.61
Tumkur,2024-08-28,23.31,0.53
Tumkur,2024-08-29,23.92,4.59
Tumkur,2024-08-30,23.26,12.61
Tumkur,2024-08-31,22.73,3.0
Tumkur,2024-09-01,23.34,0.32
Tumkur,2024-09-02,22.98,2.56
Tumkur,2024-09-03,23.96,0.64
Tumkur,2024-09-04,23.8,3.86
Tumkur,2024-09-05,23.77,5.48
Tumkur,2024-09-06,23.37,1.78
Tumkur,2024-09-07,23.38,1.04
Tumkur,2024-09-08,23.4,1.83
Tumkur,2024-09-09,24.15,0.61
Tumkur,2024-09-10,23.97,2.19
Tumkur,2024-09-11,23.92,0.56
Tumkur,2024-09-12,23.38,0.29
Tumkur,2024-09-13,23.72,0.01
Tumkur,2024-09-14,23.85,0.02
Tumkur,2024-09-15,23.68,0.01
Tumkur,2024-09-16,23.59,0.09
Tumkur,2024-09-17,23.8,0.1
Tumkur,2024-09-18,23.34,0.07
Tumkur,2024-09-19,23.85,0.06
Tumkur,2024-09-20,24.24,0.38
Tumkur,2024-09-21,24.26,4.11
Tumkur,2024-09-22,23.39,2.52
Tumkur,2024-09-23,23.78,2.54
Tumkur,2024-09-24,24.15,14.23
Tumkur,2024-09-25,23.85,0.18
Tumkur,2024-09-26,23.84,0.06
Tumkur,2024-09-27,23.81,0.55
Tumkur,2024-09-28,24.03,12.29
Tumkur,2024-09-29,24.72,9.1
Tumkur,2024-09-30,25.29,0.3
Tumkur,2024-10-01,26.07,0.0
Tumkur,2024-10-02,26.13,8.54
Tumkur,2024-10-03,24.47,12.94
Tumkur,2024-10-04,24.11,8.29
Tumkur,2024-10-05,23.55,9.64
Tumkur,2024-10-06,22.96,4.71
Tumkur,2024-10-07,23.32,0.37
Tumkur,2024-10-08,24.25,5.09
Tumkur,2024-10-09,24.39,1.12
Tumkur,2024-10-10,24.53,3.79
Tumkur,2024-10-11,24.38,2.81
Tumkur,2024-10-12,23.73,7.28
Tumkur,2024-10-13,23.98,2.65
Tumkur,2024-10-14,23.05,5.99
Tumkur,2024-10-15,22.65,20.13
Tumkur,2024-10-16,22.26,34.35
Tumkur,2024-10-17,23.29,2.37
Tumkur,2024-10-18,23.09,6.17
Tumkur,2024-10-19,22.97,9.73
Tumkur,2024-10-20,23.61,14.37
Tumkur,2024-10-21,23.76,30.09
Tumkur,2024-10-22,23.93,7.54
Tumkur,2024-10-23,23.44,15.09
Tumkur,2024-10-24,23.29,0.86
Tumkur,2024-10-25,22.91,0.1
Tumkur,2024-10-26,22.4,0.0
Tumkur,2024-10-27,22.37,0.07
Tumkur,2024-10-28,23.05,0.06
Tumkur,2024-10-29,23.46,0.0
Tumkur,2024-10-30,23.77,1.8
Tumkur,2024-10-31,23.22,3.0
Tumkur,2024-11-01,23.41,0.2
Tumkur,2024-11-02,23.26,0.75
Tumkur,2024-11-03,23.31,0.24
Tumkur,2024-11-04,23.04,0.18
Tumkur,2024-11-05,22.22,0.67
Tumkur,2024-11-06,22.0,0.0
Tumkur,2024-11-07,22.65,0.0
Tumkur,2024-11-08,23.1,0.0
Tumkur,2024-11-09,22.33,0.0
Tumkur,2024-11-10,21.61,0.0
Tumkur,2024-11-11,21.06,0.0
Tumkur,2024-11-12,20.77,1.72
Tumkur,2024-11-13,22.88,0.17
Tumkur,2024-11-14,23.28,3.69
Tumkur,2024-11-15,23.06,4.04
Tumkur,2024-11-16,22.99,2.32
Tumkur,2024-11-17,22.87,0.16
Tumkur,2024-11-18,22.86,0.02
Tumkur,2024-11-19,22.32,0.0
Tumkur,2024-11-20,21.58,0.0
Tumkur,2024-11-21,21.17,0.0
Tumkur,2024-11-22,20.36,0.0
Tumkur,2024-11-23,20.99,0.0
Tumkur,2024-11-24,21.24,0.0
Tumkur,2024-11-25,20.94,0.0
Tumkur,2024-11-26,20.99,0.87
Tumkur,2024-11-27,21.76,0.18
Tumkur,2024-11-28,20.78,0.0
Tumkur,2024-11-29,20.88,0.0
Tumkur,2024-11-30,22.51,1.91
Tumkur,2024-12-01,21.72,18.95
Tumkur,2024-12-02,22.11,22.92
Tumkur,2024-12-03,22.33,10.81
Tumkur,2024-12-04,23.04,2.3
Tumkur,2024-12-05,23.33,0.68
Tumkur,2024-12-06,23.34,0.38
Tumkur,2024-12-07,23.05,0.0
Tumkur,2024-12-08,23.39,0.01
Tumkur,2024-12-09,22.75,0.0
Tumkur,2024-12-10,22.89,0.0
Tumkur,2024-12-11,22.5,0.01
Tumkur,2024-12-12,21.43,5.67
Tumkur,2024-12-13,21.22,0.26
Tumkur,2024-12-14,21.14,0.08
Tumkur,2024-12-15,18.99,0.0
Tumkur,2024-12-16,17.86,0.0
Tumkur,2024-12-17,19.86,0.24
Tumkur,2024-12-18,20.62,0.14
Tumkur,2024-12-19,22.91,0.11
Tumkur,2024-12-20,23.16,0.09
Tumkur,2024-12-21,23.66,0.01
Tumkur,2024-12-22,23.02,0.01
Tumkur,2024-12-23,22.65,0.0
Tumkur,2024-12-24,22.47,0.0
Tumkur,2024-12-25,21.96,0.3
Tumkur,2024-12-26,23.04,4.82
Tumkur,2024-12-27,22.55,2.55
Tumkur,2024-12-28,21.87,0.1
Tumkur,2024-12-29,21.46,0.0
Tumkur,2024-12-30,21.81,0.0
Tumkur,2024-12-31,21.52,0.0
Tumkur,2025-01-01,20.55,0.0
Tumkur,2025-01-02,20.48,0.0
Tumkur,2025-01-03,19.9,0.0
Tumkur,2025-01-04,19.43,0.0
Tumkur,2025-01-05,19.54,0.0
Tumkur,2025-01-06,19.86,0.0
Tumkur,2025-01-07,19.8,0.0
Tumkur,2025-01-08,19.27,0.0
Tumkur,2025-01-09,19.81,0.0
Tumkur,2025-01-10,21.51,0.0
Tumkur,2025-01-11,22.69,0.0
Tumkur,2025-01-12,22.65,0.0
Tumkur,2025-01-13,23.49,0.3
Tumkur,2025-01-14,23.14,0.1
Tumkur,2025-01-15,22.15,0.0
Tumkur,2025-01-16,21.87,0.0
Tumkur,2025-01-17,21.63,0.0
Tumkur,2025-01-18,21.62,0.35
Tumkur,2025-01-19,21.97,3.4
Tumkur,2025-01-20,21.99,0.13
Tumkur,2025-01-21,20.92,0.0
Tumkur,2025-01-22,21.92,0.0
Tumkur,2025-01-23,22.53,0.0
Tumkur,2025-01-24,21.58,0.0
Tumkur,2025-01-25,21.03,0.0
Tumkur,2025-01-26,20.39,0.0
Tumkur,2025-01-27,20.85,0.0
Tumkur,2025-01-28,21.63,0.0
Tumkur,2025-01-29,21.87,0.0
Tumkur,2025-01-30,22.03,0.0
Tumkur,2025-01-31,23.89,0.0
Tumkur,2025-02-01,24.65,0.0
Tumkur,2025-02-02,23.99,0.0
Tumkur,2025-02-03,23.08,0.0
Tumkur,2025-02-04,23.6,0.0
Tumkur,2025-02-05,23.7,0.0
Tumkur,2025-02-06,23.64,0.0
Tumkur,2025-02-07,23.81,0.0
Tumkur,2025-02-08,24.04,0.0
Tumkur,2025-02-09,24.13,0.0
Tumkur,2025-02-10,23.63,0.0
Tumkur,2025-02-11,23.8,0.0
Tumkur,2025-02-12,24.22,0.0
Tumkur,2025-02-13,24.61,0.0
Tumkur,2025-02-14,24.7,0.0
Tumkur,2025-02-15,24.66,0.0
Tumkur,2025-02-16,24.48,0.0
Tumkur,2025-02-17,25.03,0.0
Tumkur,2025-02-18,25.43,0.0
Tumkur,2025-02-19,26.2,0.0
Tumkur,2025-02-20,27.03,0.0
Tumkur,2025-02-21,26.77,0.0
Tumkur,2025-02-22,26.34,0.0
Tumkur,2025-02-23,25.62,0.0
Tumkur,2025-02-24,25.35,0.0
Tumkur,2025-02-25,25.02,0.0
Tumkur,2025-02-26,25.63,0.0
Tumkur,2025-02-27,25.46,0.0
Tumkur,2025-02-28,25.63,0.0
Tumkur,2025-03-01,26.52,0.0
